hour,hour_bef_temperature,hour_bef_precipitation,hour_bef_windspeed,hour_bef_humidity,hour_bef_visibility,hour_bef_ozone,hour_bef_pm10,hour_bef_pm2.5,count
14,28.4,0.0,1.9,20.0,1346.0,0.082,78.0,38.0,179
1,14.1,0.0,2.0,41.0,2000.0,,,,29
17,14.6,1.0,2.7,84.0,1645.0,0.044,21.0,14.0,93
2,5.1,0.0,1.3,77.0,2000.0,0.018,16.0,,29
1,9.4,0.0,2.5,65.0,1907.0,,,,39
19,20.7,0.0,4.3,19.0,2000.0,0.054,51.0,13.0,165
1,14.4,0.0,2.6,41.0,2000.0,,,,52
2,10.3,0.0,0.3,76.0,798.0,0.004,83.0,38.0,32
14,26.4,0.0,2.1,28.0,1731.0,0.045,59.0,34.0,149
20,16.9,0.0,3.5,64.0,754.0,0.03,68.0,53.0,124
19,27.2,0.0,4.1,44.0,2000.0,0.067,47.0,32.0,331
6,14.9,0.0,0.9,51.0,1308.0,0.032,62.0,37.0,34
3,12.1,0.0,3.2,85.0,679.0,0.043,54.0,21.0,17
5,13.4,0.0,0.3,86.0,218.0,0.054,107.0,60.0,10
3,7.9,0.0,1.7,73.0,1827.0,0.034,52.0,21.0,14
8,19.0,0.0,1.4,75.0,537.0,0.049,55.0,33.0,222
13,21.6,0.0,3.5,34.0,990.0,0.037,78.0,40.0,184
18,27.7,0.0,2.8,35.0,1712.0,0.08,59.0,36.0,425
18,23.2,0.0,1.3,35.0,1954.0,0.061,52.0,34.0,247
6,13.2,0.0,1.1,48.0,1897.0,0.008,47.0,35.0,23
4,8.7,0.0,1.0,66.0,1802.0,0.044,46.0,18.0,8
0,19.7,0.0,3.4,76.0,749.0,0.065,48.0,31.0,100
2,12.4,0.0,3.5,42.0,1448.0,0.063,73.0,47.0,25
17,19.6,0.0,4.0,37.0,2000.0,0.054,22.0,20.0,247
15,18.1,0.0,1.8,31.0,1865.0,0.029,67.0,24.0,98
18,20.8,0.0,3.9,48.0,1966.0,0.045,41.0,21.0,327
5,9.2,0.0,1.8,53.0,2000.0,0.036,31.0,18.0,8
7,13.9,0.0,0.7,54.0,2000.0,0.006,42.0,26.0,106
15,22.2,0.0,3.4,27.0,2000.0,0.05,22.0,10.0,152
21,20.4,0.0,0.1,39.0,2000.0,0.042,60.0,32.0,170
15,23.3,0.0,3.4,58.0,1818.0,0.036,32.0,22.0,110
0,18.4,0.0,2.3,44.0,2000.0,0.037,26.0,21.0,128
16,18.7,0.0,4.9,36.0,1036.0,0.048,197.0,22.0,74
11,15.6,0.0,2.7,49.0,1345.0,0.016,85.0,38.0,99
8,12.5,0.0,1.6,48.0,1521.0,0.033,102.0,30.0,171
7,16.0,0.0,0.6,75.0,1159.0,0.032,27.0,18.0,117
4,18.9,0.0,1.7,80.0,459.0,0.04,70.0,41.0,13
18,23.1,0.0,2.6,31.0,2000.0,0.039,29.0,15.0,402
10,20.8,0.0,1.8,45.0,1988.0,0.03,53.0,21.0,94
13,27.1,0.0,2.3,48.0,761.0,0.064,75.0,47.0,86
1,11.3,1.0,4.3,88.0,295.0,,,,24
16,15.1,0.0,4.2,26.0,1438.0,0.066,59.0,55.0,222
12,19.5,0.0,1.5,53.0,1684.0,0.03,40.0,17.0,124
12,23.7,0.0,2.6,36.0,1534.0,0.045,53.0,30.0,125
7,8.9,0.0,0.2,75.0,642.0,0.033,66.0,36.0,19
15,21.9,0.0,5.4,21.0,1907.0,0.062,92.0,19.0,139
5,11.9,0.0,0.6,41.0,879.0,0.032,66.0,60.0,10
20,10.4,0.0,1.7,84.0,1337.0,0.018,27.0,27.0,86
0,19.2,0.0,1.6,62.0,1976.0,0.033,35.0,29.0,75
9,9.8,0.0,3.3,58.0,1263.0,0.01,107.0,21.0,124
4,12.8,0.0,1.9,76.0,407.0,0.036,68.0,42.0,15
1,15.1,0.0,1.6,79.0,338.0,,,,46
21,13.1,0.0,2.7,60.0,1582.0,0.025,76.0,28.0,121
1,15.5,0.0,5.4,48.0,540.0,,,,40
1,13.4,0.0,1.9,69.0,2000.0,,,,34
20,19.6,0.0,1.7,66.0,1142.0,0.053,54.0,33.0,171
4,18.9,0.0,2.3,60.0,1588.0,0.033,61.0,29.0,14
9,18.3,0.0,0.7,49.0,1926.0,0.022,44.0,24.0,64
3,8.9,0.0,1.4,62.0,1994.0,0.041,46.0,18.0,23
9,12.2,0.0,1.9,42.0,1946.0,0.01,41.0,26.0,106
3,14.3,0.0,1.4,38.0,2000.0,0.004,50.0,35.0,19
2,17.1,0.0,1.7,57.0,2000.0,0.02,46.0,29.0,70
3,17.6,0.0,1.3,69.0,2000.0,0.003,32.0,22.0,34
6,18.7,0.0,1.0,72.0,634.0,,,,53
14,19.5,0.0,4.2,38.0,2000.0,0.053,18.0,14.0,224
11,13.7,0.0,3.8,36.0,1789.0,0.034,100.0,24.0,73
7,15.5,0.0,1.1,66.0,1211.0,0.022,55.0,36.0,32
9,19.2,0.0,1.6,50.0,789.0,0.027,50.0,29.0,115
18,27.5,0.0,3.8,47.0,1507.0,0.083,64.0,40.0,398
19,24.1,0.0,4.2,34.0,2000.0,0.051,36.0,16.0,278
16,13.0,0.0,3.7,74.0,1888.0,,34.0,16.0,29
23,17.7,0.0,1.1,92.0,418.0,0.009,34.0,27.0,42
0,15.4,0.0,2.4,41.0,2000.0,0.035,26.0,11.0,80
4,18.5,0.0,1.2,80.0,724.0,0.061,43.0,27.0,13
4,16.5,0.0,0.9,64.0,1014.0,0.049,48.0,36.0,20
8,14.2,0.0,2.1,75.0,768.0,0.013,51.0,25.0,226
21,25.6,0.0,2.7,11.0,2000.0,0.038,18.0,11.0,278
7,3.1,0.0,0.4,83.0,839.0,0.005,34.0,31.0,14
4,18.0,0.0,1.7,66.0,1998.0,0.011,30.0,23.0,11
13,15.7,0.0,3.3,37.0,526.0,0.047,105.0,90.0,75
17,27.4,0.0,2.8,21.0,2000.0,0.058,24.0,12.0,317
6,4.9,0.0,1.5,67.0,746.0,0.04,67.0,63.0,24
10,14.4,0.0,2.1,49.0,1581.0,0.025,49.0,25.0,82
12,13.3,0.0,2.1,42.0,1909.0,0.013,87.0,29.0,82
3,13.7,0.0,2.0,80.0,1034.0,0.026,35.0,18.0,12
3,16.1,0.0,2.9,83.0,400.0,0.051,60.0,35.0,46
4,10.5,0.0,1.2,74.0,739.0,0.03,70.0,32.0,9
23,9.9,0.0,3.3,69.0,1974.0,0.037,45.0,17.0,70
10,21.1,0.0,1.1,66.0,535.0,0.057,64.0,41.0,95
20,14.0,0.0,4.3,44.0,2000.0,0.043,48.0,19.0,150
1,17.7,0.0,1.1,53.0,2000.0,,,,98
19,20.2,0.0,3.0,40.0,928.0,0.058,180.0,40.0,187
5,12.2,0.0,3.0,76.0,407.0,0.033,67.0,40.0,11
8,10.3,0.0,4.3,43.0,2000.0,0.032,34.0,26.0,195
12,15.5,0.0,2.2,25.0,1987.0,0.029,71.0,30.0,113
11,14.9,0.0,2.5,33.0,1928.0,0.023,38.0,20.0,85
0,16.8,0.0,0.6,62.0,2000.0,0.029,35.0,19.0,94
22,21.9,0.0,3.1,65.0,1070.0,0.059,64.0,37.0,216
11,14.7,0.0,3.6,76.0,447.0,0.017,84.0,70.0,86
12,14.7,0.0,2.3,65.0,399.0,0.017,69.0,59.0,101
0,14.9,0.0,2.4,35.0,2000.0,0.034,55.0,20.0,68
21,15.0,0.0,2.7,30.0,2000.0,0.056,33.0,21.0,109
6,16.1,0.0,2.1,73.0,694.0,0.029,41.0,28.0,37
17,22.2,0.0,5.7,18.0,1948.0,0.06,88.0,21.0,158
10,11.7,0.0,1.0,34.0,914.0,0.009,90.0,70.0,65
6,9.5,0.0,0.8,73.0,673.0,0.035,65.0,38.0,15
23,22.2,0.0,2.5,69.0,1629.0,0.014,32.0,25.0,138
19,24.3,0.0,3.9,30.0,2000.0,0.058,28.0,17.0,226
5,6.8,0.0,1.1,81.0,1450.0,0.031,55.0,21.0,8
23,17.8,0.0,2.2,52.0,2000.0,0.023,32.0,19.0,183
16,21.3,0.0,2.3,43.0,951.0,0.057,145.0,43.0,8
12,21.9,0.0,2.6,41.0,1618.0,0.04,46.0,25.0,113
17,18.9,0.0,4.2,55.0,2000.0,0.042,32.0,11.0,161
16,19.3,0.0,2.7,76.0,538.0,0.045,62.0,41.0,109
13,19.5,0.0,3.7,12.0,2000.0,0.046,21.0,14.0,111
9,11.4,0.0,0.7,59.0,1297.0,0.021,45.0,25.0,119
5,14.3,0.0,0.7,50.0,2000.0,0.026,42.0,28.0,11
11,17.4,0.0,2.7,46.0,876.0,0.019,76.0,35.0,111
16,26.1,0.0,3.4,27.0,2000.0,0.057,30.0,20.0,274
12,18.1,0.0,3.5,17.0,1996.0,0.046,34.0,17.0,137
17,19.9,0.0,4.5,34.0,1822.0,0.059,53.0,33.0,154
23,14.3,0.0,2.6,60.0,2000.0,0.044,44.0,15.0,102
3,17.4,0.0,1.0,52.0,2000.0,0.029,38.0,27.0,31
5,11.0,0.0,1.6,84.0,469.0,0.049,61.0,33.0,12
7,5.6,0.0,0.4,79.0,1992.0,0.007,19.0,18.0,20
12,17.6,0.0,1.7,42.0,1712.0,0.034,72.0,28.0,140
15,23.1,0.0,4.3,23.0,1798.0,0.064,54.0,29.0,266
16,17.7,0.0,2.3,32.0,1949.0,0.037,64.0,22.0,118
21,14.2,0.0,3.4,83.0,952.0,0.033,44.0,23.0,120
4,5.7,0.0,0.6,77.0,1960.0,0.028,14.0,18.0,6
19,24.8,0.0,2.9,32.0,1937.0,0.075,52.0,32.0,244
8,11.6,0.0,2.0,37.0,1143.0,0.01,64.0,51.0,35
13,19.3,0.0,3.2,52.0,929.0,0.011,126.0,37.0,148
14,19.1,0.0,2.2,67.0,1181.0,0.042,36.0,25.0,82
9,12.4,0.0,2.0,35.0,1927.0,0.024,43.0,20.0,125
22,11.8,0.0,2.5,53.0,2000.0,0.038,44.0,21.0,147
11,19.9,0.0,1.1,51.0,750.0,0.027,69.0,43.0,106
10,14.7,0.0,1.8,66.0,668.0,0.046,69.0,38.0,66
8,16.6,0.0,0.9,63.0,697.0,0.03,33.0,24.0,208
8,15.6,0.0,2.2,53.0,1036.0,0.028,126.0,32.0,29
23,19.8,0.0,2.2,57.0,2000.0,0.004,32.0,21.0,153
21,14.7,0.0,2.9,46.0,1754.0,0.051,88.0,19.0,88
2,10.8,0.0,1.4,22.0,1998.0,0.038,64.0,19.0,24
23,19.3,0.0,3.7,52.0,812.0,0.058,108.0,64.0,143
21,21.3,0.0,0.8,47.0,715.0,0.092,100.0,56.0,229
14,12.9,0.0,2.8,39.0,2000.0,0.046,19.0,,164
11,20.3,0.0,2.6,56.0,576.0,,,,95
3,16.8,0.0,1.6,40.0,1994.0,0.046,48.0,25.0,30
23,16.6,0.0,0.4,26.0,2000.0,0.004,60.0,32.0,105
3,14.9,0.0,0.7,47.0,2000.0,0.01,40.0,26.0,30
3,14.0,0.0,,50.0,2000.0,0.049,35.0,22.0,17
20,19.2,0.0,2.6,48.0,1999.0,0.056,54.0,31.0,162
6,14.8,0.0,0.9,51.0,1538.0,0.025,51.0,26.0,15
1,18.2,0.0,1.7,51.0,1871.0,,,,53
15,13.4,1.0,3.7,62.0,969.0,0.043,43.0,35.0,2
11,12.5,0.0,3.6,42.0,1104.0,0.006,79.0,62.0,23
13,21.4,0.0,1.8,54.0,737.0,0.032,77.0,28.0,114
6,8.5,0.0,1.5,55.0,2000.0,0.036,31.0,18.0,29
11,21.2,0.0,2.3,45.0,1929.0,0.034,30.0,19.0,115
12,13.8,0.0,2.8,42.0,516.0,0.031,104.0,89.0,82
13,16.6,0.0,3.7,60.0,1328.0,0.043,36.0,25.0,12
10,15.7,0.0,2.7,61.0,1203.0,0.035,42.0,26.0,79
20,16.9,0.0,3.4,63.0,1966.0,0.041,46.0,22.0,185
19,12.7,0.0,3.5,34.0,1250.0,0.065,75.0,62.0,87
12,25.2,0.0,1.7,30.0,1665.0,0.028,60.0,36.0,117
15,12.0,0.0,1.9,76.0,1216.0,0.034,23.0,,63
9,13.4,0.0,3.2,29.0,2000.0,0.033,42.0,23.0,115
1,9.9,0.0,1.6,62.0,1755.0,,,,41
10,16.8,0.0,1.8,62.0,955.0,0.016,55.0,23.0,81
16,27.2,0.0,4.3,31.0,1281.0,0.088,,,246
15,27.4,0.0,1.7,23.0,1661.0,0.076,75.0,33.0,218
7,17.8,0.0,1.2,58.0,2000.0,0.012,30.0,22.0,108
8,8.7,0.0,1.7,50.0,2000.0,0.006,36.0,19.0,201
7,9.6,0.0,0.9,73.0,827.0,0.021,59.0,30.0,16
1,14.1,0.0,1.5,62.0,863.0,,,,44
20,10.2,0.0,2.3,47.0,2000.0,0.047,41.0,29.0,61
11,24.4,0.0,1.9,41.0,1362.0,0.035,48.0,27.0,90
8,11.4,0.0,2.1,82.0,440.0,0.027,74.0,42.0,43
20,18.5,0.0,5.3,21.0,2000.0,0.049,47.0,16.0,130
7,17.7,0.0,0.6,66.0,1996.0,0.006,34.0,28.0,106
18,16.8,0.0,3.6,49.0,1730.0,0.05,71.0,25.0,273
5,15.3,0.0,1.8,52.0,1363.0,0.04,65.0,39.0,16
6,9.4,0.0,2.5,85.0,370.0,0.022,56.0,49.0,11
9,11.2,0.0,1.8,44.0,1901.0,0.022,30.0,18.0,121
4,10.1,0.0,1.6,73.0,937.0,0.04,50.0,22.0,12
8,18.2,0.0,0.8,63.0,1987.0,0.005,36.0,25.0,215
5,16.2,0.0,1.0,63.0,1085.0,0.006,71.0,49.0,15
9,8.7,0.0,1.7,63.0,1483.0,0.012,67.0,34.0,92
20,22.7,0.0,4.7,34.0,1444.0,0.086,74.0,37.0,226
7,11.1,0.0,1.3,84.0,967.0,0.034,54.0,19.0,21
7,13.0,0.0,0.8,46.0,1870.0,0.007,47.0,33.0,72
6,17.4,0.0,1.1,69.0,1698.0,0.009,35.0,23.0,31
7,13.4,0.0,1.3,80.0,912.0,0.028,36.0,15.0,98
12,18.6,0.0,1.4,57.0,788.0,0.042,74.0,43.0,116
23,14.0,0.0,1.4,47.0,2000.0,0.046,45.0,23.0,114
4,16.4,0.0,2.8,61.0,1388.0,0.004,81.0,52.0,9
4,5.5,0.0,0.6,56.0,1146.0,0.038,63.0,53.0,5
14,13.8,1.0,4.8,74.0,1955.0,0.044,33.0,23.0,1
23,13.9,0.0,3.3,43.0,2000.0,0.042,23.0,19.0,57
18,17.8,0.0,6.5,36.0,1353.0,0.054,122.0,19.0,101
9,20.8,0.0,2.2,58.0,1095.0,0.039,53.0,30.0,132
6,12.5,0.0,2.5,64.0,2000.0,0.033,41.0,13.0,40
16,14.8,0.0,3.8,29.0,2000.0,0.054,31.0,27.0,172
11,20.6,0.0,3.5,63.0,1420.0,0.05,37.0,24.0,103
0,11.7,0.0,3.5,80.0,895.0,0.044,58.0,31.0,34
22,12.5,0.0,4.0,76.0,525.0,0.013,67.0,54.0,60
12,26.1,0.0,2.4,36.0,1562.0,0.043,52.0,31.0,141
23,11.4,1.0,1.8,98.0,128.0,0.024,21.0,,1
20,10.7,0.0,3.8,38.0,1246.0,0.064,72.0,60.0,87
11,22.8,0.0,3.0,53.0,1838.0,0.017,34.0,23.0,100
8,16.5,0.0,0.6,62.0,1600.0,0.022,37.0,28.0,51
21,18.6,0.0,2.3,35.0,987.0,0.031,178.0,37.0,139
3,4.6,0.0,0.3,76.0,1951.0,0.03,27.0,25.0,11
15,18.7,0.0,6.4,25.0,1157.0,0.045,158.0,15.0,74
22,12.3,0.0,3.3,57.0,1580.0,0.05,53.0,22.0,118
18,16.9,0.0,2.4,64.0,570.0,0.05,73.0,57.0,171
13,14.0,1.0,2.8,42.0,1518.0,0.03,49.0,37.0,5
12,19.1,0.0,3.9,24.0,1890.0,0.058,48.0,22.0,105
17,9.5,1.0,1.4,68.0,2000.0,0.052,40.0,37.0,134
8,19.2,0.0,1.6,56.0,2000.0,0.008,31.0,19.0,267
15,26.3,0.0,4.3,39.0,1925.0,0.062,37.0,23.0,272
22,22.8,0.0,2.5,67.0,1899.0,0.018,33.0,25.0,221
20,23.6,0.0,4.0,60.0,1082.0,0.078,61.0,37.0,247
16,27.5,0.0,3.4,28.0,1984.0,0.062,22.0,14.0,284
11,16.8,0.0,3.2,61.0,1129.0,0.046,47.0,25.0,94
18,15.1,0.0,2.0,76.0,1992.0,0.053,24.0,19.0,186
3,19.1,0.0,0.9,79.0,489.0,0.04,67.0,39.0,20
10,9.2,0.0,1.9,55.0,462.0,0.023,91.0,84.0,60
4,13.4,0.0,0.0,74.0,746.0,0.025,64.0,43.0,13
19,14.8,0.0,3.7,82.0,892.0,0.051,46.0,30.0,136
12,24.0,0.0,1.5,34.0,838.0,0.037,96.0,47.0,94
8,9.0,0.0,2.5,17.0,2000.0,0.018,41.0,13.0,197
1,12.3,0.0,1.2,78.0,629.0,,,,58
6,8.7,0.0,0.7,85.0,490.0,0.006,76.0,36.0,13
18,14.2,0.0,3.6,33.0,1082.0,0.066,64.0,51.0,113
0,9.9,0.0,1.4,86.0,620.0,0.01,40.0,,47
13,24.0,0.0,3.5,49.0,1986.0,0.051,42.0,29.0,119
7,15.8,0.0,2.0,73.0,776.0,0.036,30.0,23.0,109
18,25.4,0.0,3.4,33.0,2000.0,0.06,40.0,21.0,369
18,19.5,0.0,3.7,23.0,1245.0,0.069,77.0,63.0,216
14,26.8,0.0,2.7,30.0,1835.0,0.078,40.0,24.0,180
14,18.5,0.0,3.5,33.0,1636.0,0.041,68.0,25.0,121
11,17.1,0.0,2.4,55.0,1982.0,0.035,55.0,12.0,98
5,19.0,0.0,1.7,65.0,517.0,0.035,94.0,55.0,14
4,8.0,0.0,0.5,66.0,1993.0,0.031,84.0,22.0,11
6,12.7,0.0,3.9,41.0,2000.0,0.039,13.0,9.0,38
15,29.6,0.0,2.5,22.0,859.0,0.099,74.0,38.0,227
19,23.5,0.0,4.4,33.0,1428.0,0.064,98.0,41.0,201
16,22.8,0.0,1.1,37.0,1296.0,0.039,36.0,30.0,150
11,12.3,0.0,4.5,13.0,2000.0,0.036,48.0,13.0,82
13,13.5,0.0,3.2,32.0,1758.0,0.042,41.0,37.0,172
20,23.1,0.0,3.0,50.0,2000.0,0.04,36.0,26.0,244
6,14.0,0.0,0.4,71.0,533.0,0.069,82.0,50.0,9
11,12.5,0.0,1.6,44.0,1725.0,0.011,91.0,30.0,64
22,14.7,0.0,2.3,68.0,452.0,0.047,78.0,50.0,118
22,20.3,0.0,3.4,44.0,1888.0,0.049,50.0,36.0,182
18,20.3,0.0,4.7,25.0,1994.0,0.053,43.0,20.0,242
8,3.2,0.0,0.4,83.0,728.0,0.004,30.0,,21
5,4.0,0.0,0.3,78.0,1521.0,0.021,28.0,28.0,8
17,17.7,0.0,4.9,29.0,2000.0,0.049,53.0,15.0,147
9,12.1,0.0,1.9,58.0,771.0,0.032,65.0,36.0,60
14,14.1,1.0,3.2,50.0,1645.0,0.045,46.0,39.0,2
6,7.1,0.0,1.0,68.0,2000.0,0.029,55.0,13.0,22
8,15.5,0.0,1.0,83.0,335.0,0.035,51.0,32.0,61
21,17.3,0.0,3.2,63.0,2000.0,0.027,36.0,17.0,230
4,10.2,0.0,4.2,14.0,2000.0,0.046,57.0,15.0,9
21,13.5,0.0,3.6,71.0,2000.0,0.039,33.0,27.0,141
14,17.2,0.0,3.5,28.0,1970.0,0.048,64.0,18.0,131
16,26.3,0.0,3.9,31.0,1821.0,0.069,55.0,31.0,188
22,8.4,0.0,3.5,60.0,2000.0,0.03,47.0,36.0,58
22,12.8,0.0,2.7,69.0,935.0,0.039,69.0,31.0,123
19,19.4,0.0,3.1,55.0,649.0,0.03,70.0,58.0,213
6,11.0,0.0,1.3,25.0,1056.0,0.041,213.0,21.0,12
22,14.7,0.0,2.4,50.0,2000.0,0.05,46.0,24.0,173
6,16.1,0.0,0.2,75.0,1351.0,0.037,27.0,23.0,34
17,26.6,0.0,3.1,33.0,783.0,0.077,115.0,55.0,172
1,5.3,0.0,2.3,76.0,1965.0,,,,24
16,11.6,1.0,4.3,92.0,320.0,0.041,,,36
15,13.2,1.0,5.0,86.0,1087.0,0.047,22.0,17.0,14
15,18.0,0.0,3.3,20.0,2000.0,0.045,54.0,21.0,106
15,18.5,0.0,4.1,24.0,849.0,0.064,92.0,83.0,78
23,19.6,0.0,1.2,59.0,2000.0,0.019,28.0,22.0,131
11,17.2,0.0,0.2,52.0,1114.0,0.01,124.0,31.0,65
10,17.3,0.0,1.0,41.0,1757.0,0.007,70.0,40.0,13
17,23.0,0.0,2.2,11.0,2000.0,0.052,19.0,14.0,214
3,17.2,0.0,1.6,59.0,1277.0,0.052,49.0,32.0,30
7,14.8,0.0,1.3,55.0,1305.0,0.017,65.0,42.0,65
6,16.2,0.0,2.0,61.0,1721.0,0.029,35.0,26.0,19
23,16.3,0.0,1.8,60.0,1703.0,0.042,54.0,31.0,119
8,16.6,0.0,3.1,46.0,1341.0,0.005,64.0,44.0,169
0,17.6,0.0,1.2,73.0,665.0,0.038,57.0,36.0,80
6,13.0,0.0,1.2,80.0,611.0,0.02,56.0,41.0,15
23,14.5,0.0,1.8,68.0,1794.0,0.034,43.0,20.0,119
0,16.1,0.0,1.8,45.0,2000.0,0.016,33.0,22.0,95
17,25.7,0.0,5.6,41.0,1949.0,0.065,44.0,26.0,309
18,27.5,0.0,3.4,34.0,2000.0,0.05,,,402
4,12.3,0.0,0.7,49.0,1506.0,0.059,103.0,28.0,7
15,24.2,0.0,5.0,30.0,1937.0,0.067,48.0,25.0,140
10,7.7,0.0,0.5,65.0,990.0,0.011,35.0,,55
14,17.2,0.0,2.1,32.0,1571.0,0.025,64.0,19.0,83
1,15.0,0.0,1.5,65.0,1167.0,,,,70
19,23.7,0.0,4.1,29.0,2000.0,0.062,28.0,17.0,282
12,16.6,0.0,1.9,44.0,1579.0,0.034,48.0,21.0,105
6,19.4,0.0,2.3,65.0,613.0,0.056,80.0,48.0,33
9,11.9,0.0,0.8,45.0,965.0,0.005,69.0,58.0,59
17,20.1,0.0,4.5,25.0,2000.0,,58.0,29.0,236
10,11.9,1.0,2.4,54.0,935.0,0.005,73.0,61.0,30
0,15.6,0.0,2.3,62.0,1433.0,0.023,56.0,36.0,93
8,13.3,0.0,0.6,66.0,1144.0,0.006,41.0,28.0,217
16,22.8,0.0,4.3,40.0,716.0,0.075,212.0,,135
17,11.4,0.0,2.3,79.0,1138.0,0.034,32.0,,74
21,18.8,0.0,4.6,69.0,2000.0,0.039,32.0,20.0,189
8,4.5,0.0,0.1,73.0,510.0,0.023,84.0,81.0,146
8,15.0,0.0,1.1,50.0,1465.0,0.006,54.0,29.0,46
2,14.1,0.0,0.3,75.0,990.0,0.032,47.0,24.0,31
2,13.6,0.0,2.2,70.0,491.0,0.039,69.0,39.0,21
5,15.5,0.0,0.7,86.0,371.0,0.047,61.0,37.0,15
1,17.9,0.0,1.3,50.0,1812.0,,,,30
0,11.7,0.0,1.3,76.0,733.0,0.031,68.0,29.0,79
8,14.8,0.0,1.1,52.0,2000.0,0.015,37.0,22.0,224
22,20.9,0.0,4.3,70.0,839.0,0.073,61.0,38.0,139
1,9.5,0.0,0.5,52.0,800.0,,,,26
12,12.3,0.0,2.0,41.0,1332.0,0.025,43.0,39.0,149
11,23.8,0.0,1.8,34.0,2000.0,0.019,32.0,20.0,108
13,19.4,0.0,2.5,16.0,2000.0,0.045,27.0,14.0,122
21,13.6,0.0,2.9,67.0,540.0,0.061,87.0,59.0,136
15,21.2,0.0,3.7,12.0,2000.0,0.047,23.0,12.0,133
6,15.5,0.0,0.4,66.0,465.0,0.013,119.0,75.0,28
5,11.1,0.0,0.9,38.0,1718.0,0.064,63.0,38.0,9
19,18.5,0.0,4.5,27.0,2000.0,0.061,48.0,20.0,191
20,19.9,0.0,1.5,13.0,2000.0,0.045,18.0,14.0,168
14,20.4,0.0,2.0,25.0,755.0,0.063,91.0,81.0,105
9,18.7,0.0,1.3,43.0,1108.0,0.01,71.0,40.0,97
20,15.4,0.0,5.3,46.0,1536.0,0.058,99.0,23.0,81
18,25.3,0.0,4.7,31.0,2000.0,0.061,30.0,17.0,293
3,9.4,0.0,0.9,87.0,387.0,0.006,45.0,,8
21,15.5,0.0,3.4,45.0,2000.0,0.054,45.0,21.0,163
1,11.7,0.0,3.1,38.0,2000.0,,,,51
6,10.4,0.0,3.6,12.0,2000.0,0.048,35.0,9.0,23
0,17.7,0.0,1.1,36.0,1111.0,0.027,155.0,35.0,78
6,7.2,0.0,0.6,55.0,831.0,0.004,78.0,68.0,19
1,11.5,0.0,3.2,23.0,2000.0,,,,42
19,16.7,1.0,0.7,88.0,577.0,0.037,82.0,37.0,39
8,17.0,0.0,1.2,65.0,986.0,0.021,32.0,22.0,212
8,7.7,0.0,1.5,66.0,1695.0,0.01,76.0,19.0,184
11,17.8,0.0,0.9,39.0,1628.0,0.006,77.0,40.0,10
19,21.6,0.0,3.4,36.0,2000.0,0.038,33.0,14.0,315
2,15.4,0.0,1.3,76.0,1276.0,0.035,25.0,20.0,20
1,16.2,0.0,2.8,51.0,919.0,,,,62
8,15.8,0.0,1.4,57.0,1077.0,0.031,47.0,29.0,202
9,17.1,0.0,3.4,76.0,451.0,0.03,65.0,39.0,74
23,15.4,0.0,2.2,33.0,2000.0,0.034,49.0,19.0,85
19,28.7,0.0,3.3,8.0,2000.0,0.052,22.0,10.0,317
0,10.5,0.0,3.4,59.0,1990.0,0.044,46.0,23.0,58
19,20.7,0.0,3.8,42.0,1993.0,0.057,50.0,27.0,197
7,10.1,0.0,0.9,29.0,1078.0,0.038,223.0,22.0,13
18,23.7,0.0,6.4,49.0,1967.0,0.048,38.0,20.0,304
1,17.8,0.0,1.2,59.0,676.0,,,,42
9,18.0,0.0,1.8,44.0,1961.0,0.03,31.0,20.0,79
10,17.2,0.0,0.8,56.0,648.0,0.018,67.0,48.0,75
0,15.5,0.0,0.9,30.0,2000.0,0.004,51.0,32.0,76
12,13.1,0.0,3.1,48.0,1012.0,0.016,70.0,57.0,22
21,9.5,0.0,2.2,46.0,1139.0,0.056,70.0,61.0,73
2,11.4,0.0,1.6,83.0,610.0,0.048,57.0,32.0,37
0,17.2,0.0,1.8,35.0,2000.0,0.043,24.0,19.0,137
21,18.8,0.0,3.9,64.0,687.0,0.07,87.0,52.0,190
16,23.4,0.0,3.6,39.0,1670.0,0.074,59.0,40.0,291
3,13.2,0.0,2.5,25.0,950.0,0.041,269.0,21.0,16
16,26.6,0.0,4.8,38.0,2000.0,0.063,30.0,23.0,300
17,29.1,0.0,2.3,24.0,1900.0,0.07,42.0,27.0,213
5,13.5,0.0,1.0,46.0,1882.0,0.005,54.0,40.0,12
16,11.6,0.0,3.2,80.0,628.0,0.029,36.0,33.0,79
18,20.3,0.0,4.1,24.0,2000.0,,57.0,27.0,320
13,20.5,0.0,2.8,22.0,1959.0,0.064,51.0,26.0,214
17,21.7,0.0,3.0,35.0,2000.0,,32.0,19.0,213
21,14.6,0.0,3.8,29.0,2000.0,0.044,43.0,19.0,163
7,12.4,0.0,2.3,67.0,2000.0,0.023,43.0,15.0,104
10,22.5,0.0,1.4,48.0,1364.0,0.039,47.0,29.0,92
12,17.4,0.0,2.8,74.0,1167.0,0.035,36.0,25.0,61
13,26.3,0.0,2.0,42.0,1502.0,0.037,53.0,33.0,114
12,18.0,0.0,3.1,16.0,2000.0,0.042,24.0,17.0,98
11,16.8,0.0,4.2,16.0,1228.0,0.031,197.0,22.0,67
13,14.3,0.0,4.5,14.0,2000.0,0.044,61.0,14.0,88
23,15.2,0.0,1.4,58.0,2000.0,0.041,31.0,16.0,122
1,4.9,0.0,1.5,81.0,2000.0,,,,34
17,27.0,0.0,4.7,27.0,2000.0,0.065,,,185
16,24.2,0.0,3.4,33.0,1633.0,0.075,77.0,42.0,296
20,16.5,0.0,3.4,29.0,2000.0,0.061,41.0,25.0,135
16,19.0,0.0,3.2,22.0,1285.0,0.067,71.0,59.0,125
2,11.0,0.0,0.4,42.0,1926.0,0.037,27.0,19.0,23
2,14.6,0.0,1.4,37.0,1997.0,0.004,48.0,36.0,24
4,10.1,0.0,0.0,44.0,2000.0,0.036,26.0,20.0,9
23,8.1,0.0,2.7,54.0,946.0,0.04,75.0,64.0,57
0,11.0,0.0,0.9,72.0,920.0,0.015,83.0,38.0,64
16,19.8,0.0,4.2,48.0,892.0,0.071,63.0,37.0,140
1,11.6,0.0,0.6,52.0,1853.0,,,,39
4,14.0,0.0,1.6,43.0,1999.0,0.007,55.0,40.0,6
11,9.3,0.0,2.3,60.0,1966.0,0.014,32.0,30.0,98
23,16.8,0.0,2.2,45.0,2000.0,0.03,31.0,17.0,123
18,25.2,0.0,4.9,25.0,2000.0,0.064,,,332
18,20.7,0.0,3.1,56.0,1804.0,0.05,47.0,26.0,297
20,23.2,0.0,2.3,37.0,1952.0,0.07,53.0,31.0,213
16,15.8,0.0,5.3,17.0,1923.0,0.047,,,102
2,12.7,0.0,2.5,45.0,2000.0,0.037,32.0,25.0,21
8,10.6,0.0,0.7,22.0,974.0,0.026,214.0,21.0,34
19,10.8,1.0,3.9,92.0,250.0,0.032,34.0,28.0,1
3,11.7,0.0,3.9,98.0,150.0,0.041,20.0,20.0,3
11,22.9,0.0,2.1,31.0,1947.0,0.04,25.0,18.0,127
2,8.9,0.0,0.9,52.0,839.0,0.011,80.0,71.0,10
12,17.9,1.0,2.0,51.0,1997.0,0.007,73.0,40.0,2
0,20.6,0.0,2.0,71.0,827.0,0.047,60.0,35.0,80
7,10.7,0.0,1.3,93.0,177.0,0.015,71.0,58.0,6
11,14.5,0.0,2.1,67.0,912.0,0.027,44.0,32.0,75
15,25.8,0.0,3.2,26.0,1986.0,0.059,29.0,19.0,256
1,18.8,0.0,1.1,61.0,2000.0,,,,62
18,29.5,0.0,4.8,7.0,2000.0,0.057,27.0,11.0,431
23,11.7,0.0,2.9,65.0,1446.0,0.041,50.0,21.0,114
5,17.4,0.0,1.0,71.0,1855.0,0.005,33.0,24.0,26
0,14.8,0.0,1.2,64.0,2000.0,0.042,28.0,16.0,78
23,19.2,0.0,1.9,46.0,1877.0,0.006,64.0,38.0,101
6,18.2,0.0,0.4,80.0,661.0,0.059,48.0,30.0,46
2,12.1,1.0,3.3,98.0,328.0,0.034,9.0,8.0,8
12,19.7,0.0,3.5,45.0,1307.0,0.053,124.0,21.0,80
20,27.7,0.0,2.9,9.0,2000.0,0.049,20.0,11.0,271
17,19.5,0.0,2.6,54.0,579.0,0.059,66.0,51.0,195
16,29.0,0.0,4.1,41.0,1207.0,0.106,72.0,49.0,126
14,27.1,0.0,2.2,29.0,856.0,0.055,88.0,42.0,113
7,14.6,0.0,0.6,53.0,1532.0,0.014,56.0,31.0,23
11,23.5,0.0,3.0,33.0,1801.0,0.03,50.0,32.0,108
11,21.5,0.0,1.9,37.0,1284.0,0.053,90.0,37.0,112
22,17.7,0.0,2.5,66.0,577.0,0.07,92.0,51.0,159
1,14.1,0.0,1.3,69.0,1970.0,,,,56
9,19.8,0.0,0.6,57.0,1721.0,0.008,40.0,29.0,138
12,18.6,0.0,3.2,56.0,1276.0,0.05,51.0,24.0,120
11,17.1,0.0,5.3,40.0,1984.0,0.043,53.0,14.0,110
20,20.6,0.0,2.6,60.0,830.0,0.07,,51.0,190
9,18.5,0.0,3.8,58.0,975.0,0.037,35.0,27.0,133
18,22.6,0.0,5.4,18.0,2000.0,0.066,39.0,21.0,252
12,18.0,0.0,5.0,18.0,1268.0,0.037,163.0,16.0,77
22,20.2,0.0,2.8,33.0,1945.0,0.079,68.0,36.0,206
0,5.9,0.0,2.0,74.0,2000.0,0.042,25.0,25.0,40
9,17.0,0.0,1.8,60.0,1929.0,0.029,28.0,16.0,87
23,11.1,0.0,2.9,55.0,2000.0,0.033,47.0,21.0,85
18,12.1,0.0,0.9,46.0,2000.0,0.049,24.0,22.0,137
0,11.1,0.0,2.3,72.0,1290.0,0.04,48.0,25.0,66
19,16.0,0.0,3.7,28.0,2000.0,0.038,43.0,18.0,190
5,12.4,0.0,1.3,64.0,2000.0,0.039,37.0,14.0,15
14,20.9,0.0,5.3,29.0,1599.0,0.055,58.0,23.0,140
7,12.8,0.0,1.4,84.0,235.0,0.031,114.0,67.0,39
15,20.3,0.0,4.0,51.0,1149.0,0.067,55.0,31.0,120
14,19.2,0.0,4.0,16.0,1935.0,0.048,24.0,13.0,149
22,17.9,1.0,0.8,92.0,377.0,0.015,32.0,24.0,134
7,6.4,0.0,0.7,83.0,1147.0,0.018,55.0,21.0,82
0,12.2,0.0,1.2,50.0,1707.0,0.033,58.0,29.0,62
22,10.4,0.0,3.0,70.0,2000.0,0.037,48.0,19.0,110
10,21.0,0.0,0.3,57.0,1463.0,0.01,41.0,27.0,99
18,19.4,0.0,4.5,37.0,1789.0,0.058,54.0,31.0,305
14,20.4,0.0,2.7,22.0,2000.0,0.049,45.0,19.0,235
14,22.9,0.0,1.8,54.0,666.0,0.047,98.0,34.0,116
11,22.7,0.0,4.7,41.0,1781.0,0.048,38.0,21.0,85
12,16.2,0.0,2.9,57.0,946.0,0.027,,,108
2,19.4,0.0,1.8,78.0,634.0,0.051,59.0,34.0,33
10,17.8,0.0,2.1,47.0,764.0,0.054,166.0,41.0,71
11,23.3,0.0,1.2,32.0,1001.0,0.027,63.0,33.0,104
18,21.9,0.0,4.1,17.0,1987.0,0.056,61.0,16.0,150
18,,,,,,,,,1
16,18.5,0.0,4.2,38.0,1546.0,0.051,80.0,23.0,138
6,14.7,1.0,0.1,93.0,153.0,0.02,59.0,31.0,3
14,27.2,0.0,2.0,36.0,1299.0,0.041,51.0,31.0,118
11,22.0,0.0,2.0,39.0,1677.0,0.037,46.0,28.0,88
19,17.8,0.0,3.6,53.0,746.0,0.04,83.0,47.0,204
22,14.1,0.0,3.0,37.0,1722.0,0.057,57.0,31.0,144
5,11.8,0.0,0.8,51.0,1694.0,0.055,102.0,30.0,26
3,16.3,0.0,2.4,59.0,792.0,0.018,111.0,65.0,25
5,9.9,0.0,1.1,82.0,412.0,0.023,55.0,49.0,11
4,11.7,0.0,2.2,38.0,1645.0,0.065,70.0,43.0,15
16,22.5,0.0,5.6,23.0,1948.0,0.062,92.0,19.0,151
12,20.6,0.0,2.1,62.0,1330.0,0.045,38.0,24.0,105
15,22.2,0.0,4.9,56.0,1501.0,0.058,46.0,24.0,11
10,20.9,0.0,2.1,35.0,1944.0,0.031,28.0,19.0,84
22,18.8,0.0,3.0,32.0,2000.0,0.044,28.0,17.0,224
5,14.7,0.0,0.2,48.0,2000.0,0.023,28.0,20.0,19
0,10.0,0.0,0.5,50.0,830.0,0.026,82.0,70.0,46
9,16.0,0.0,0.5,54.0,1192.0,0.012,127.0,33.0,53
20,21.5,0.0,1.0,33.0,2000.0,0.049,60.0,32.0,201
15,12.7,1.0,4.8,88.0,293.0,0.044,,,8
17,24.1,0.0,2.8,53.0,525.0,0.082,88.0,51.0,158
1,11.4,0.0,1.7,40.0,1645.0,,,,27
8,10.0,1.0,3.5,99.0,106.0,0.029,26.0,24.0,41
0,9.6,0.0,3.2,66.0,1957.0,0.034,51.0,14.0,50
20,17.4,0.0,3.5,30.0,1815.0,0.056,72.0,41.0,135
8,19.5,0.0,2.0,64.0,901.0,0.04,53.0,39.0,241
7,14.6,1.0,0.9,94.0,108.0,0.019,58.0,29.0,37
22,13.6,0.0,3.1,84.0,1038.0,0.033,42.0,21.0,112
3,11.3,0.0,2.0,78.0,548.0,0.008,67.0,58.0,17
20,14.2,0.0,3.6,33.0,2000.0,0.035,42.0,20.0,138
1,20.0,0.0,2.1,73.0,729.0,,,,46
15,13.2,0.0,4.6,34.0,1954.0,0.051,22.0,21.0,104
2,17.9,1.0,0.1,91.0,383.0,0.004,29.0,26.0,22
12,25.6,0.0,1.8,29.0,869.0,0.032,73.0,33.0,129
23,21.9,0.0,2.0,49.0,2000.0,0.008,34.0,23.0,150
6,17.7,0.0,0.6,56.0,2000.0,0.014,31.0,20.0,49
13,22.6,0.0,4.2,55.0,1486.0,0.046,32.0,23.0,115
4,11.0,1.0,3.4,98.0,137.0,0.04,24.0,24.0,2
15,20.8,0.0,5.1,25.0,1937.0,0.073,55.0,22.0,113
20,16.4,0.0,4.2,33.0,2000.0,0.052,53.0,24.0,155
12,23.5,0.0,3.4,48.0,1663.0,0.026,33.0,22.0,151
3,14.2,0.0,2.0,83.0,248.0,0.06,102.0,57.0,15
21,21.4,0.0,3.7,49.0,1790.0,0.027,54.0,30.0,207
2,13.0,0.0,0.5,48.0,1992.0,0.043,73.0,26.0,29
21,16.6,0.0,1.7,64.0,2000.0,0.031,30.0,17.0,192
9,11.2,0.0,0.8,67.0,660.0,0.009,75.0,38.0,70
21,20.8,0.0,3.1,35.0,2000.0,0.053,38.0,26.0,198
18,13.3,0.0,4.3,73.0,1518.0,0.044,45.0,22.0,145
14,17.8,0.0,2.7,56.0,524.0,0.025,72.0,59.0,203
7,10.4,0.0,2.5,44.0,2000.0,0.039,34.0,26.0,81
13,26.2,0.0,2.6,38.0,1610.0,0.025,41.0,26.0,91
14,25.6,0.0,3.9,41.0,1598.0,0.061,40.0,27.0,226
0,7.5,0.0,1.2,56.0,962.0,0.031,75.0,64.0,36
12,25.3,0.0,2.6,39.0,1809.0,0.048,33.0,24.0,168
16,23.5,0.0,4.1,20.0,1947.0,0.067,48.0,25.0,332
0,15.8,0.0,3.0,76.0,389.0,0.065,93.0,55.0,90
4,13.1,0.0,0.4,73.0,1480.0,0.005,33.0,19.0,13
22,18.5,0.0,2.9,48.0,2000.0,0.029,26.0,18.0,206
2,19.0,0.0,2.2,78.0,759.0,0.06,50.0,33.0,20
16,24.4,0.0,3.3,52.0,549.0,0.078,81.0,45.0,127
1,15.6,0.0,0.6,46.0,2000.0,,,,70
23,18.0,0.0,1.4,36.0,1051.0,0.031,166.0,36.0,131
2,14.3,0.0,0.4,70.0,1014.0,0.038,58.0,39.0,42
14,28.4,0.0,3.4,44.0,819.0,0.082,78.0,52.0,97
18,18.8,0.0,2.5,52.0,773.0,0.054,75.0,45.0,279
9,15.6,0.0,0.8,58.0,963.0,0.01,51.0,30.0,140
16,19.2,0.0,3.5,54.0,2000.0,0.044,32.0,16.0,137
0,11.4,1.0,2.8,84.0,350.0,0.012,69.0,59.0,17
8,13.5,0.0,0.8,78.0,972.0,0.024,36.0,19.0,189
17,20.3,0.0,5.5,35.0,2000.0,0.053,60.0,16.0,276
1,15.3,0.0,1.4,77.0,1542.0,,,,41
0,17.9,0.0,0.7,87.0,582.0,0.004,32.0,25.0,30
10,14.0,0.0,3.6,29.0,2000.0,0.033,38.0,25.0,76
11,16.7,0.0,3.9,39.0,1563.0,0.031,45.0,25.0,95
12,15.3,0.0,3.5,27.0,1900.0,0.041,67.0,21.0,129
19,16.6,0.0,5.0,25.0,2000.0,0.048,54.0,18.0,199
7,7.0,0.0,1.1,75.0,1981.0,0.023,57.0,14.0,88
12,19.5,0.0,2.1,32.0,2000.0,0.036,23.0,12.0,135
15,15.0,0.0,5.0,29.0,1418.0,0.06,56.0,49.0,284
0,20.3,0.0,2.3,55.0,1731.0,0.017,58.0,31.0,94
14,19.4,0.0,5.7,40.0,1971.0,0.05,61.0,16.0,268
9,6.4,0.0,0.6,62.0,453.0,0.02,90.0,79.0,87
15,21.6,0.0,3.4,21.0,2000.0,0.053,33.0,17.0,284
0,14.0,0.0,2.2,61.0,2000.0,0.036,44.0,17.0,63
23,20.4,0.0,2.7,73.0,868.0,0.069,55.0,37.0,124
8,5.4,0.0,1.9,78.0,1993.0,0.01,18.0,18.0,38
10,11.1,0.0,3.9,18.0,1963.0,0.027,55.0,12.0,77
0,12.8,0.0,1.3,85.0,830.0,0.035,41.0,21.0,87
5,15.7,0.0,1.0,62.0,1704.0,0.019,42.0,28.0,22
21,17.0,0.0,2.4,27.0,2000.0,0.045,44.0,17.0,127
0,12.8,0.0,1.8,79.0,733.0,0.008,46.0,38.0,75
10,9.5,0.0,2.7,99.0,182.0,0.023,24.0,23.0,37
10,14.8,0.0,1.9,37.0,1688.0,0.018,48.0,25.0,72
13,22.3,0.0,3.7,49.0,1819.0,0.057,38.0,22.0,118
23,17.3,0.0,2.9,37.0,1325.0,0.063,63.0,35.0,102
10,14.2,0.0,1.8,51.0,990.0,0.042,58.0,30.0,101
12,23.5,0.0,2.0,55.0,1788.0,0.027,26.0,18.0,138
19,20.0,0.0,3.8,72.0,1406.0,0.022,37.0,22.0,5
11,12.0,0.0,2.1,76.0,342.0,0.017,66.0,60.0,87
4,11.7,0.0,0.6,91.0,239.0,0.008,72.0,60.0,9
12,21.4,0.0,3.0,46.0,565.0,0.064,213.0,57.0,104
19,24.6,0.0,1.6,49.0,740.0,0.07,80.0,46.0,193
8,9.1,0.0,2.2,53.0,1939.0,0.013,34.0,15.0,200
7,9.3,0.0,1.9,14.0,2000.0,0.04,42.0,11.0,73
21,15.5,0.0,3.2,64.0,1994.0,0.039,40.0,19.0,194
13,24.7,0.0,2.4,30.0,1461.0,0.063,77.0,39.0,199
14,20.0,0.0,1.9,44.0,930.0,0.034,124.0,39.0,156
11,16.9,0.0,1.8,35.0,1283.0,0.05,61.0,32.0,113
23,19.5,0.0,2.7,47.0,1753.0,0.04,53.0,35.0,134
22,20.8,0.0,2.1,57.0,2000.0,0.013,32.0,19.0,219
5,13.2,0.0,0.1,76.0,698.0,0.023,56.0,42.0,17
22,17.7,0.0,2.4,45.0,2000.0,0.032,39.0,21.0,190
19,21.7,0.0,2.2,12.0,2000.0,0.052,17.0,10.0,214
18,25.9,0.0,4.5,31.0,2000.0,0.079,54.0,29.0,366
8,18.0,0.0,0.3,61.0,1373.0,0.021,52.0,28.0,57
17,26.6,0.0,4.0,39.0,1081.0,0.091,84.0,48.0,287
13,20.1,0.0,1.4,48.0,916.0,0.042,73.0,40.0,159
8,9.2,0.0,0.8,90.0,347.0,0.022,39.0,,160
16,27.7,0.0,2.3,39.0,888.0,0.061,63.0,38.0,142
23,12.7,0.0,2.1,60.0,737.0,0.061,88.0,60.0,75
2,17.6,0.0,2.3,34.0,2000.0,0.055,46.0,20.0,43
18,21.1,0.0,3.3,42.0,832.0,0.064,192.0,,236
13,18.3,0.0,4.4,46.0,1996.0,0.053,14.0,15.0,184
1,13.1,0.0,2.5,46.0,2000.0,,,,17
22,17.6,0.0,2.4,36.0,2000.0,0.038,32.0,12.0,176
0,11.5,0.0,1.0,74.0,2000.0,0.026,26.0,22.0,40
7,10.0,0.0,0.5,51.0,1948.0,0.028,84.0,25.0,72
21,9.2,0.0,2.3,48.0,1931.0,0.037,46.0,37.0,57
21,12.5,0.0,4.0,73.0,1264.0,0.051,57.0,27.0,91
22,12.8,0.0,1.3,72.0,2000.0,0.033,31.0,24.0,133
7,16.1,0.0,1.3,64.0,1522.0,0.025,38.0,26.0,26
0,18.6,0.0,0.3,58.0,554.0,0.053,110.0,63.0,104
3,17.1,0.0,1.4,50.0,1718.0,0.004,72.0,44.0,24
10,12.2,0.0,3.5,41.0,1594.0,0.02,131.0,24.0,76
13,23.0,0.0,3.4,36.0,2000.0,0.044,49.0,26.0,97
2,4.9,0.0,1.0,78.0,1947.0,0.026,30.0,27.0,16
13,24.7,0.0,2.2,48.0,1926.0,0.036,26.0,18.0,121
13,20.2,0.0,3.6,32.0,2000.0,0.043,20.0,12.0,107
0,18.5,0.0,0.9,46.0,1848.0,0.008,69.0,44.0,69
9,15.0,0.0,2.9,59.0,1921.0,0.018,58.0,17.0,113
1,9.9,0.0,1.3,85.0,522.0,,,,35
4,12.3,0.0,1.5,36.0,966.0,0.024,96.0,90.0,14
5,7.4,0.0,1.8,57.0,813.0,0.004,78.0,71.0,12
14,24.0,0.0,2.6,51.0,1946.0,0.042,34.0,26.0,92
22,23.4,0.0,2.6,37.0,2000.0,0.015,26.0,16.0,214
1,14.5,0.0,1.7,71.0,1307.0,,,,44
17,18.0,0.0,7.1,38.0,1355.0,0.051,152.0,21.0,106
12,20.7,0.0,2.7,70.0,625.0,0.053,68.0,39.0,93
1,19.3,0.0,1.9,78.0,715.0,,,,39
2,19.8,0.0,2.2,58.0,1632.0,0.025,63.0,30.0,52
8,9.5,0.0,1.5,72.0,955.0,0.02,47.0,22.0,214
5,10.8,0.0,3.3,98.0,91.0,0.036,32.0,24.0,1
4,17.8,0.0,1.8,91.0,328.0,0.013,25.0,22.0,9
14,26.7,0.0,1.2,37.0,1397.0,0.038,45.0,29.0,132
15,27.4,0.0,3.8,23.0,1957.0,0.067,47.0,22.0,104
15,19.7,0.0,4.5,31.0,1795.0,0.065,64.0,39.0,138
17,17.2,0.0,4.0,32.0,1567.0,0.037,67.0,27.0,126
21,13.0,0.0,2.7,76.0,528.0,0.015,60.0,50.0,135
0,13.6,0.0,1.5,29.0,1154.0,0.055,76.0,66.0,47
4,10.6,0.0,1.8,80.0,512.0,0.019,53.0,45.0,8
18,18.9,0.0,4.4,22.0,2000.0,0.046,41.0,18.0,318
22,14.0,0.0,2.9,43.0,1887.0,0.043,83.0,20.0,91
22,18.3,0.0,1.0,37.0,970.0,0.032,169.0,38.0,172
3,10.7,1.0,3.3,56.0,1392.0,0.032,103.0,23.0,12
14,19.1,0.0,1.7,44.0,1155.0,0.036,34.0,,112
16,22.3,0.0,3.6,11.0,2000.0,0.05,17.0,13.0,149
16,27.8,0.0,1.5,22.0,1644.0,0.083,71.0,35.0,219
11,15.0,0.0,1.4,50.0,1517.0,0.03,48.0,24.0,86
13,24.7,0.0,3.4,35.0,1492.0,0.063,54.0,32.0,104
15,18.6,0.0,2.8,54.0,619.0,0.038,54.0,43.0,238
22,21.3,0.0,1.2,71.0,471.0,0.048,82.0,47.0,186
23,13.1,0.0,2.1,31.0,2000.0,0.036,31.0,13.0,98
18,21.7,0.0,3.4,60.0,1920.0,0.025,37.0,21.0,24
2,17.8,0.0,1.5,47.0,2000.0,0.028,34.0,22.0,50
7,18.7,0.0,2.0,69.0,915.0,,,,127
4,13.4,0.0,1.4,79.0,815.0,0.027,47.0,22.0,9
15,20.0,0.0,4.9,35.0,2000.0,0.052,68.0,13.0,311
7,17.9,0.0,1.6,67.0,1420.0,0.029,53.0,29.0,26
10,20.7,0.0,4.1,43.0,1480.0,0.044,32.0,21.0,109
7,19.5,0.0,3.3,67.0,620.0,0.06,73.0,47.0,90
20,23.2,0.0,2.5,55.0,692.0,0.059,84.0,48.0,199
8,10.1,0.0,2.0,70.0,788.0,0.016,61.0,29.0,47
3,12.9,0.0,2.4,66.0,2000.0,0.036,39.0,17.0,14
3,8.6,0.0,2.0,68.0,1891.0,0.026,85.0,15.0,19
22,8.6,0.0,1.7,52.0,994.0,0.049,72.0,64.0,60
18,23.8,0.0,3.5,39.0,1777.0,0.053,66.0,36.0,277
17,12.9,1.0,3.3,82.0,1076.0,0.047,46.0,32.0,45
21,12.9,0.0,3.4,48.0,2000.0,0.042,45.0,23.0,132
11,17.2,0.0,2.9,74.0,1307.0,0.029,39.0,25.0,81
14,21.9,0.0,2.3,45.0,925.0,0.049,72.0,36.0,181
17,11.5,1.0,3.0,91.0,555.0,0.036,29.0,21.0,64
4,11.0,0.0,0.9,84.0,532.0,0.052,60.0,33.0,22
9,13.8,0.0,1.9,64.0,1344.0,0.039,93.0,19.0,39
20,13.5,0.0,3.3,76.0,538.0,0.021,64.0,53.0,106
11,16.3,0.0,3.5,20.0,2000.0,0.036,31.0,21.0,76
3,19.4,0.0,2.7,59.0,1529.0,0.025,65.0,31.0,32
6,13.5,0.0,0.5,49.0,2000.0,0.051,29.0,18.0,37
12,18.7,0.0,4.6,34.0,1812.0,0.045,51.0,22.0,125
14,22.1,0.0,6.0,22.0,1732.0,0.053,66.0,33.0,243
13,17.9,0.0,3.4,67.0,1467.0,0.038,42.0,28.0,70
22,20.3,0.0,0.9,49.0,730.0,0.072,104.0,59.0,226
8,6.7,0.0,2.1,58.0,801.0,0.004,81.0,67.0,181
21,19.4,0.0,3.4,40.0,2000.0,0.04,33.0,17.0,199
21,22.8,0.0,3.3,62.0,1319.0,0.067,58.0,38.0,267
0,18.8,0.0,2.9,31.0,2000.0,0.061,53.0,22.0,69
3,10.8,0.0,3.8,45.0,2000.0,0.039,34.0,19.0,20
9,18.8,0.0,0.5,49.0,1132.0,0.027,39.0,23.0,75
15,19.7,0.0,3.4,61.0,1053.0,0.044,48.0,29.0,113
19,18.8,0.0,4.3,28.0,2000.0,0.051,40.0,19.0,211
13,20.1,0.0,5.0,32.0,1586.0,0.055,52.0,24.0,134
23,13.5,0.0,2.2,39.0,1924.0,0.038,80.0,20.0,63
6,9.8,0.0,0.1,84.0,874.0,0.009,35.0,27.0,32
12,25.7,0.0,1.6,44.0,1144.0,0.02,49.0,30.0,119
13,22.6,0.0,,41.0,987.0,0.046,64.0,39.0,208
21,14.7,0.0,3.1,37.0,1984.0,0.054,53.0,25.0,161
18,11.2,0.0,3.3,90.0,404.0,0.033,33.0,28.0,206
7,14.7,0.0,2.1,54.0,2000.0,0.024,31.0,23.0,18
22,20.8,0.0,1.8,48.0,1781.0,0.028,55.0,31.0,221
16,21.4,0.0,3.8,21.0,1022.0,0.076,74.0,67.0,110
6,10.4,0.0,1.7,50.0,1976.0,0.024,94.0,27.0,30
8,6.3,0.0,1.9,76.0,1344.0,0.013,61.0,24.0,192
18,19.7,0.0,5.7,35.0,2000.0,0.052,54.0,17.0,280
23,10.0,0.0,2.1,86.0,486.0,0.01,41.0,,73
15,26.8,0.0,3.7,34.0,1923.0,0.076,44.0,29.0,237
17,22.8,0.0,3.2,58.0,1940.0,0.031,33.0,22.0,85
21,21.1,0.0,2.7,55.0,2000.0,0.035,34.0,29.0,256
21,21.0,0.0,3.0,41.0,2000.0,0.046,33.0,22.0,232
7,11.2,0.0,1.8,52.0,1655.0,0.037,95.0,30.0,90
13,20.8,0.0,2.2,70.0,570.0,0.045,68.0,40.0,83
6,14.4,0.0,1.5,52.0,2000.0,0.018,30.0,21.0,19
6,11.1,0.0,1.7,75.0,1105.0,0.035,78.0,20.0,14
12,19.7,0.0,2.4,41.0,732.0,0.022,75.0,38.0,121
5,15.0,1.0,1.2,88.0,203.0,0.026,35.0,24.0,3
15,21.3,0.0,1.3,36.0,1368.0,0.041,30.0,27.0,146
11,9.6,0.0,3.3,99.0,269.0,0.024,22.0,,37
14,14.2,0.0,3.1,27.0,1564.0,0.053,49.0,46.0,186
6,13.9,0.0,0.7,79.0,1382.0,0.033,32.0,19.0,26
23,20.5,0.0,1.6,54.0,1808.0,0.028,56.0,31.0,137
15,12.3,1.0,2.5,89.0,1631.0,0.04,30.0,18.0,23
12,25.0,0.0,1.8,27.0,2000.0,0.049,25.0,14.0,153
14,26.4,0.0,3.5,32.0,1911.0,0.067,29.0,18.0,229
15,18.8,0.0,3.8,41.0,1632.0,0.043,78.0,26.0,119
1,16.8,0.0,0.8,79.0,518.0,,,,95
13,25.5,0.0,3.7,32.0,1841.0,0.057,37.0,22.0,143
2,19.4,0.0,1.1,59.0,2000.0,0.018,29.0,22.0,45
12,13.1,0.0,4.6,14.0,1910.0,0.041,58.0,11.0,96
10,21.8,0.0,1.0,34.0,1092.0,0.016,68.0,39.0,92
16,18.2,0.0,2.7,30.0,1932.0,0.051,56.0,15.0,129
22,19.6,0.0,2.8,42.0,2000.0,0.056,41.0,26.0,245
7,8.6,0.0,1.0,85.0,490.0,0.004,75.0,38.0,24
6,13.4,0.0,1.9,78.0,815.0,0.02,53.0,26.0,36
19,17.3,0.0,2.6,40.0,2000.0,0.049,19.0,15.0,137
18,20.9,0.0,4.2,51.0,686.0,0.031,59.0,50.0,275
9,4.9,0.0,2.0,74.0,879.0,0.008,35.0,35.0,30
22,17.2,0.0,2.6,55.0,1851.0,0.047,52.0,33.0,139
7,13.2,0.0,0.9,55.0,2000.0,0.041,34.0,17.0,100
11,18.4,0.0,0.9,57.0,1437.0,0.027,39.0,21.0,78
5,15.7,0.0,2.4,56.0,1179.0,0.019,141.0,36.0,8
2,9.2,0.0,0.4,62.0,1882.0,0.04,49.0,18.0,24
8,8.1,0.0,0.4,70.0,1378.0,0.007,52.0,25.0,194
6,11.6,0.0,2.0,73.0,636.0,0.03,67.0,40.0,36
19,26.5,0.0,4.4,31.0,1973.0,0.071,45.0,28.0,324
21,22.1,0.0,2.6,56.0,2000.0,0.028,30.0,21.0,222
4,16.9,0.0,2.0,71.0,1636.0,0.037,29.0,22.0,8
5,9.9,0.0,1.4,68.0,840.0,0.036,62.0,35.0,10
11,18.3,0.0,0.8,58.0,941.0,0.018,56.0,24.0,88
12,17.2,0.0,3.4,56.0,1478.0,0.035,34.0,24.0,19
19,18.7,0.0,4.7,37.0,1676.0,0.06,65.0,37.0,202
20,14.5,0.0,2.9,54.0,1707.0,0.029,79.0,25.0,150
18,22.9,0.0,5.5,29.0,2000.0,0.049,36.0,9.0,375
10,16.0,0.0,2.8,84.0,976.0,0.028,46.0,31.0,95
23,19.4,0.0,0.3,42.0,1368.0,0.07,53.0,31.0,120
5,5.5,0.0,0.5,78.0,2000.0,0.022,18.0,,7
6,9.9,0.0,0.3,77.0,774.0,0.026,63.0,31.0,13
19,17.7,0.0,4.1,25.0,1301.0,0.07,67.0,58.0,143
20,20.7,0.0,3.1,37.0,2000.0,0.035,31.0,16.0,219
19,22.3,0.0,1.1,36.0,2000.0,0.056,54.0,28.0,213
6,12.6,0.0,0.4,78.0,1192.0,0.004,32.0,20.0,28
17,15.2,0.0,5.8,14.0,1956.0,0.044,,,138
22,11.7,0.0,1.6,41.0,910.0,0.037,79.0,68.0,114
17,22.4,0.0,4.5,39.0,1723.0,0.071,63.0,37.0,261
17,23.0,0.0,2.5,40.0,921.0,0.034,43.0,35.0,159
6,16.0,0.0,1.3,56.0,1675.0,0.005,65.0,50.0,37
1,11.5,0.0,2.4,82.0,727.0,,,,63
23,19.5,0.0,1.8,61.0,1994.0,0.034,36.0,27.0,145
4,13.5,0.0,0.9,52.0,2000.0,0.051,32.0,20.0,11
7,10.9,0.0,2.0,61.0,973.0,0.028,61.0,38.0,85
15,15.9,0.0,4.3,15.0,2000.0,0.048,55.0,11.0,105
2,11.4,1.0,0.9,89.0,289.0,0.017,67.0,57.0,5
15,26.8,0.0,2.6,30.0,990.0,0.067,86.0,46.0,132
13,15.8,0.0,6.3,27.0,2000.0,0.044,,,106
16,22.3,0.0,2.0,20.0,2000.0,0.055,33.0,19.0,264
14,16.5,0.0,3.8,20.0,2000.0,0.037,52.0,25.0,113
14,24.6,0.0,2.6,32.0,1867.0,0.052,47.0,27.0,101
4,11.9,0.0,2.8,85.0,742.0,0.045,57.0,22.0,27
14,23.1,0.0,3.6,44.0,620.0,0.08,237.0,62.0,91
13,11.7,0.0,4.4,51.0,2000.0,0.037,22.0,22.0,103
18,19.8,0.0,5.3,21.0,2000.0,0.072,38.0,22.0,266
12,25.0,0.0,1.9,54.0,699.0,0.056,66.0,41.0,113
0,,,,,,,,,39
14,24.4,0.0,3.4,31.0,1972.0,0.061,36.0,22.0,217
19,21.7,0.0,3.8,19.0,2000.0,0.064,37.0,20.0,191
11,24.0,0.0,2.2,42.0,1966.0,0.038,44.0,26.0,121
6,7.9,0.0,0.3,75.0,1472.0,0.036,43.0,17.0,21
19,17.8,0.0,3.2,60.0,2000.0,0.038,26.0,15.0,232
1,19.0,0.0,0.6,78.0,258.0,,,,46
15,21.3,0.0,3.8,21.0,875.0,0.077,92.0,83.0,111
14,21.4,0.0,2.0,43.0,1722.0,0.045,39.0,22.0,132
17,25.8,0.0,3.2,27.0,1997.0,0.054,28.0,16.0,316
7,8.3,0.0,1.6,55.0,2000.0,0.005,32.0,21.0,82
23,12.1,0.0,3.5,76.0,450.0,0.007,74.0,57.0,11
9,16.4,0.0,1.0,62.0,503.0,0.072,86.0,51.0,57
5,9.1,0.0,1.2,83.0,495.0,0.014,81.0,39.0,8
13,19.0,0.0,1.9,28.0,697.0,0.045,87.0,78.0,88
0,19.9,0.0,0.8,73.0,314.0,0.041,97.0,56.0,90
23,18.8,0.0,1.3,46.0,2000.0,0.044,40.0,27.0,153
3,11.9,0.0,2.1,58.0,1716.0,0.038,75.0,19.0,22
0,19.5,0.0,2.4,55.0,2000.0,0.003,34.0,22.0,98
13,19.0,0.0,3.2,49.0,2000.0,0.04,55.0,17.0,122
17,25.7,0.0,3.5,35.0,1951.0,0.069,51.0,27.0,200
1,18.7,0.0,2.0,64.0,1737.0,,,,29
8,17.4,0.0,0.8,80.0,758.0,0.014,25.0,20.0,236
14,20.1,0.0,4.9,52.0,1331.0,0.063,53.0,28.0,130
10,16.2,0.0,2.9,36.0,2000.0,0.033,22.0,10.0,107
23,15.4,0.0,2.8,71.0,1926.0,0.024,33.0,16.0,124
6,11.1,0.0,1.5,83.0,430.0,0.047,70.0,41.0,15
9,14.6,0.0,4.8,38.0,2000.0,0.029,19.0,11.0,149
12,24.5,0.0,3.1,34.0,1839.0,0.044,43.0,24.0,150
5,11.9,0.0,2.1,90.0,228.0,0.005,72.0,60.0,10
7,15.3,0.0,1.1,54.0,1326.0,0.025,117.0,30.0,24
0,14.3,0.0,,49.0,2000.0,0.044,37.0,20.0,58
14,18.8,0.0,3.8,23.0,2000.0,0.047,40.0,14.0,113
22,20.2,0.0,2.7,58.0,2000.0,0.038,35.0,28.0,214
15,20.0,0.0,4.0,39.0,2000.0,0.055,22.0,17.0,281
20,17.3,0.0,3.8,47.0,2000.0,0.052,47.0,16.0,155
15,20.2,0.0,3.8,75.0,547.0,0.039,65.0,43.0,105
6,10.7,0.0,2.5,99.0,78.0,0.034,32.0,28.0,5
3,12.2,0.0,0.5,48.0,1961.0,0.049,81.0,25.0,15
10,12.7,0.0,0.9,52.0,1566.0,0.021,53.0,25.0,64
3,9.7,0.0,0.2,76.0,841.0,0.005,79.0,40.0,28
8,15.3,0.0,1.5,68.0,272.0,0.026,142.0,89.0,163
13,26.7,0.0,2.8,34.0,1687.0,0.052,53.0,31.0,91
15,28.4,0.0,2.9,31.0,1247.0,0.054,44.0,29.0,126
5,18.3,0.0,1.9,54.0,2000.0,0.009,30.0,21.0,22
19,25.0,0.0,3.7,24.0,2000.0,0.054,41.0,23.0,252
22,15.0,0.0,2.5,56.0,2000.0,0.048,44.0,16.0,121
17,23.5,0.0,4.9,24.0,2000.0,0.051,37.0,11.0,188
17,27.6,0.0,3.5,39.0,1963.0,0.052,27.0,17.0,222
10,20.4,0.0,1.7,39.0,1631.0,0.023,39.0,22.0,101
1,20.0,0.0,1.8,58.0,2000.0,,,,74
19,13.3,0.0,2.0,71.0,1403.0,0.055,48.0,24.0,107
8,8.9,0.0,0.9,77.0,613.0,0.005,82.0,40.0,35
19,17.8,0.0,4.7,25.0,2000.0,0.048,40.0,16.0,200
18,18.3,0.0,4.3,43.0,1304.0,0.056,76.0,30.0,299
2,8.8,0.0,2.3,68.0,1910.0,0.031,84.0,14.0,23
20,11.3,0.0,3.6,16.0,2000.0,0.041,65.0,15.0,84
1,18.0,0.0,1.4,47.0,2000.0,,,,77
8,10.7,0.0,1.3,82.0,731.0,0.012,46.0,36.0,180
20,22.7,0.0,3.1,41.0,732.0,0.1,102.0,60.0,249
18,26.7,0.0,4.2,32.0,913.0,0.095,86.0,47.0,286
22,11.0,1.0,2.9,95.0,177.0,0.028,29.0,29.0,2
4,16.0,0.0,0.1,52.0,1162.0,0.041,68.0,41.0,15
11,23.4,0.0,1.8,58.0,690.0,0.057,64.0,40.0,95
16,27.5,0.0,5.0,24.0,1916.0,0.067,45.0,27.0,148
1,15.1,0.0,1.3,35.0,2000.0,,,,40
12,22.3,0.0,2.8,51.0,575.0,,,,121
22,19.9,0.0,2.8,44.0,2000.0,0.039,29.0,22.0,196
16,19.4,0.0,3.4,50.0,737.0,0.049,55.0,45.0,250
18,26.4,0.0,4.4,50.0,1381.0,0.083,54.0,33.0,305
10,15.5,0.0,1.9,53.0,632.0,0.017,82.0,42.0,106
7,10.9,0.0,0.8,77.0,1092.0,0.035,79.0,17.0,18
15,27.0,0.0,3.9,43.0,1090.0,0.043,54.0,32.0,133
10,19.8,0.0,2.1,48.0,488.0,0.032,130.0,73.0,106
9,15.1,0.0,1.2,68.0,1269.0,0.022,35.0,17.0,115
16,20.0,0.0,4.9,24.0,1976.0,0.071,46.0,19.0,162
12,17.1,0.0,5.6,52.0,2000.0,0.043,39.0,32.0,139
14,21.6,0.0,4.5,27.0,2000.0,0.049,20.0,10.0,150
6,9.2,0.0,2.2,77.0,848.0,0.03,46.0,25.0,43
4,12.3,0.0,2.8,22.0,1082.0,0.042,223.0,20.0,16
20,10.8,1.0,3.0,94.0,152.0,0.03,34.0,33.0,1
17,17.5,0.0,3.7,46.0,1879.0,0.057,78.0,26.0,136
8,9.3,0.0,0.2,67.0,661.0,0.033,70.0,38.0,43
23,7.3,0.0,3.3,66.0,2000.0,0.041,27.0,23.0,53
23,17.5,0.0,3.1,78.0,1323.0,0.043,26.0,22.0,102
0,20.7,0.0,1.4,61.0,2000.0,0.018,28.0,23.0,86
14,27.9,0.0,3.8,27.0,1836.0,0.065,51.0,30.0,115
21,16.0,0.0,6.0,21.0,1961.0,0.05,90.0,28.0,146
13,20.6,0.0,1.7,48.0,1813.0,0.035,40.0,18.0,107
7,17.0,0.0,1.4,89.0,536.0,0.021,29.0,22.0,103
4,17.0,0.0,1.7,72.0,1983.0,0.007,34.0,23.0,15
15,26.3,0.0,3.4,36.0,2000.0,0.057,24.0,17.0,123
18,18.1,0.0,4.1,61.0,2000.0,0.039,27.0,16.0,339
13,19.8,0.0,1.8,29.0,1943.0,0.041,62.0,26.0,155
4,16.8,0.0,1.6,53.0,2000.0,0.031,37.0,27.0,21
19,27.0,0.0,3.6,39.0,2000.0,0.047,,,319
1,17.7,0.0,1.0,43.0,1338.0,,,,69
19,15.9,0.0,3.5,47.0,1626.0,0.043,79.0,25.0,205
19,18.9,0.0,2.8,59.0,1806.0,0.042,49.0,26.0,218
15,19.6,0.0,4.1,53.0,1995.0,0.041,39.0,13.0,125
2,17.7,0.0,2.1,54.0,1609.0,0.055,48.0,31.0,53
3,15.2,0.0,0.7,44.0,2000.0,0.041,20.0,17.0,35
4,18.0,0.0,1.3,75.0,259.0,0.007,110.0,68.0,15
10,19.8,0.0,2.8,71.0,679.0,0.048,60.0,36.0,74
4,9.9,0.0,2.6,49.0,2000.0,0.04,32.0,16.0,14
22,12.1,0.0,1.8,38.0,1947.0,0.025,83.0,24.0,133
18,25.6,0.0,3.0,41.0,1213.0,0.092,85.0,47.0,253
14,20.4,0.0,3.6,12.0,2000.0,0.047,23.0,13.0,108
3,10.4,0.0,0.6,42.0,2000.0,0.033,30.0,21.0,8
9,16.6,0.0,2.7,44.0,1134.0,0.029,89.0,50.0,108
10,12.1,0.0,1.5,47.0,1842.0,0.009,90.0,25.0,60
17,29.8,0.0,3.9,12.0,2000.0,0.058,40.0,11.0,215
23,13.4,0.0,2.1,31.0,2000.0,0.043,26.0,16.0,88
20,20.1,0.0,4.2,22.0,1988.0,0.058,38.0,20.0,196
13,26.1,0.0,3.7,29.0,1890.0,0.067,38.0,21.0,173
5,8.2,0.0,0.4,71.0,1758.0,0.034,46.0,19.0,10
18,10.6,0.0,3.3,83.0,1108.0,0.027,31.0,29.0,177
13,23.2,0.0,3.7,45.0,527.0,0.069,225.0,61.0,91
17,19.1,0.0,4.3,31.0,1746.0,0.047,59.0,26.0,129
23,11.7,0.0,1.9,67.0,1111.0,0.024,75.0,32.0,96
3,15.4,0.0,1.6,77.0,1104.0,0.036,23.0,18.0,14
11,22.2,0.0,2.2,38.0,676.0,0.04,106.0,52.0,85
15,29.1,0.0,3.9,20.0,1950.0,0.069,50.0,30.0,106
17,19.6,0.0,5.0,22.0,2000.0,0.047,41.0,16.0,181
7,13.7,0.0,0.2,80.0,1355.0,0.026,31.0,22.0,23
8,11.9,0.0,2.2,71.0,1632.0,0.025,48.0,19.0,41
9,14.1,0.0,3.2,59.0,1808.0,0.028,52.0,18.0,59
11,23.4,0.0,2.3,34.0,1911.0,0.042,44.0,25.0,95
19,15.9,0.0,4.9,53.0,961.0,0.063,78.0,41.0,146
3,17.8,0.0,0.8,91.0,330.0,0.005,31.0,23.0,29
16,30.0,0.0,3.2,16.0,1183.0,0.1,70.0,38.0,304
18,14.0,0.0,3.7,14.0,1992.0,0.045,,,221
0,14.4,0.0,3.0,75.0,1629.0,0.022,32.0,20.0,67
5,7.5,0.0,0.9,68.0,2000.0,0.029,61.0,16.0,10
20,14.0,0.0,4.9,65.0,690.0,0.061,81.0,47.0,109
9,13.0,0.0,2.6,65.0,582.0,0.012,71.0,36.0,79
13,21.2,0.0,4.2,26.0,1542.0,0.056,129.0,27.0,108
2,17.2,0.0,0.4,44.0,1048.0,0.022,162.0,39.0,38
19,16.2,0.0,3.5,31.0,950.0,0.06,,,167
4,15.6,0.0,2.1,65.0,636.0,0.081,83.0,48.0,27
3,13.8,0.0,1.0,81.0,849.0,0.032,48.0,19.0,18
3,16.5,0.0,0.8,59.0,2000.0,0.026,40.0,26.0,28
13,23.6,0.0,3.4,36.0,1970.0,0.042,33.0,21.0,221
5,16.4,0.0,1.0,74.0,1481.0,0.042,25.0,19.0,17
10,21.6,0.0,1.4,40.0,1739.0,0.026,45.0,28.0,95
13,16.3,0.0,1.8,22.0,1975.0,0.034,56.0,25.0,71
11,14.5,0.0,2.7,41.0,1995.0,0.031,29.0,17.0,78
20,15.5,0.0,2.9,57.0,1232.0,0.045,74.0,29.0,146
10,21.5,0.0,1.1,65.0,1302.0,0.02,27.0,18.0,87
2,10.9,0.0,0.8,79.0,1918.0,0.018,31.0,23.0,28
12,25.0,0.0,3.1,31.0,1840.0,0.047,48.0,26.0,136
18,22.1,0.0,3.0,41.0,1921.0,0.062,54.0,33.0,234
16,23.0,0.0,2.9,26.0,2000.0,,22.0,8.0,182
4,7.5,0.0,0.4,79.0,1636.0,0.032,56.0,21.0,6
13,25.6,0.0,3.8,32.0,1965.0,0.06,32.0,19.0,167
23,19.1,0.0,2.2,44.0,2000.0,0.042,27.0,20.0,152
9,19.3,0.0,1.8,72.0,795.0,0.017,26.0,17.0,135
3,10.6,0.0,1.5,58.0,1548.0,0.038,62.0,33.0,23
12,19.1,0.0,1.7,59.0,842.0,0.016,68.0,26.0,115
2,11.2,0.0,1.6,55.0,1583.0,0.024,62.0,31.0,43
15,19.2,0.0,5.4,23.0,2000.0,0.049,42.0,13.0,121
15,20.9,0.0,4.2,33.0,1598.0,0.056,65.0,29.0,143
14,21.0,0.0,2.1,71.0,575.0,0.039,74.0,43.0,88
17,23.5,0.0,4.1,17.0,2000.0,0.066,39.0,21.0,300
6,3.3,0.0,1.2,83.0,1219.0,0.016,33.0,30.0,7
8,14.5,1.0,1.9,94.0,128.0,0.013,60.0,34.0,165
22,13.3,0.0,3.6,66.0,619.0,0.064,90.0,62.0,114
2,11.0,0.0,2.8,42.0,2000.0,0.037,32.0,18.0,33
7,7.9,0.0,1.0,55.0,2000.0,0.028,30.0,19.0,96
17,19.6,0.0,3.4,44.0,844.0,0.066,74.0,43.0,166
3,18.8,0.0,0.5,54.0,2000.0,0.019,29.0,22.0,34
3,10.3,0.0,2.4,20.0,2000.0,0.043,64.0,19.0,16
11,16.4,0.0,4.1,26.0,1923.0,0.034,40.0,16.0,101
23,20.7,0.0,1.7,66.0,464.0,0.029,88.0,54.0,126
17,27.2,0.0,4.4,45.0,1621.0,0.082,55.0,32.0,304
21,20.7,0.0,3.7,37.0,1395.0,0.082,71.0,36.0,216
6,11.5,0.0,0.5,43.0,869.0,0.012,72.0,64.0,21
9,17.0,0.0,0.4,59.0,318.0,0.021,143.0,86.0,91
22,10.1,0.0,3.1,20.0,2000.0,0.036,58.0,14.0,112
0,18.5,0.0,0.6,45.0,1345.0,0.055,62.0,36.0,121
13,25.4,0.0,1.7,30.0,974.0,0.045,95.0,47.0,132
3,11.6,1.0,0.0,90.0,284.0,0.01,68.0,57.0,5
8,10.5,0.0,0.6,35.0,1953.0,0.038,47.0,27.0,155
4,11.5,0.0,2.4,64.0,1470.0,0.038,77.0,21.0,29
6,15.1,0.0,0.3,88.0,415.0,0.05,60.0,34.0,14
22,16.2,0.0,3.5,29.0,2000.0,0.044,46.0,14.0,117
22,19.4,0.0,2.4,39.0,1757.0,0.029,65.0,29.0,194
16,20.5,0.0,4.6,34.0,1962.0,0.053,61.0,14.0,337
4,12.9,0.0,2.4,44.0,2000.0,0.039,17.0,10.0,19
5,16.5,0.0,1.1,56.0,2000.0,0.033,36.0,24.0,16
15,25.6,0.0,2.1,30.0,1894.0,0.066,44.0,25.0,114
17,22.3,0.0,2.7,42.0,819.0,0.073,200.0,,151
13,26.4,0.0,4.1,27.0,1943.0,0.061,44.0,23.0,92
20,19.7,0.0,4.3,60.0,1991.0,0.042,35.0,24.0,244
0,13.5,0.0,3.8,46.0,2000.0,0.042,26.0,20.0,48
10,19.1,0.0,2.0,54.0,1873.0,0.032,29.0,18.0,101
1,14.1,0.0,,55.0,1992.0,,,,38
11,22.7,0.0,2.9,38.0,1967.0,0.043,26.0,20.0,111
22,14.3,0.0,1.7,35.0,921.0,0.047,83.0,72.0,104
22,14.2,0.0,3.2,44.0,2000.0,0.043,23.0,18.0,84
7,15.1,0.0,0.5,67.0,1008.0,0.027,48.0,30.0,76
21,21.5,0.0,2.9,44.0,1970.0,0.063,52.0,33.0,239
15,28.4,0.0,5.1,43.0,990.0,0.099,77.0,49.0,97
7,9.1,0.0,1.8,87.0,266.0,0.011,61.0,51.0,21
2,17.4,0.0,0.5,50.0,1779.0,0.004,74.0,45.0,33
14,26.3,0.0,2.1,25.0,1667.0,0.071,74.0,39.0,154
14,14.4,1.0,3.5,79.0,1395.0,0.039,41.0,28.0,1
22,14.0,0.0,2.7,30.0,2000.0,0.049,26.0,15.0,100
7,9.0,0.0,2.6,90.0,253.0,0.031,31.0,,70
10,22.3,0.0,1.4,54.0,990.0,0.016,35.0,23.0,90
17,21.8,0.0,4.0,23.0,1999.0,0.055,35.0,20.0,250
7,15.3,0.0,2.6,69.0,291.0,0.014,124.0,79.0,82
4,11.7,0.0,2.4,40.0,2000.0,0.042,33.0,25.0,5
17,19.6,0.0,4.2,36.0,1231.0,0.059,77.0,29.0,205
9,17.6,0.0,0.9,47.0,1892.0,0.013,36.0,22.0,121
2,8.4,0.0,2.0,68.0,1923.0,0.033,55.0,18.0,21
10,21.1,0.0,1.4,40.0,1855.0,0.03,45.0,27.0,81
5,15.8,0.0,0.9,68.0,851.0,0.048,52.0,33.0,19
8,10.7,0.0,2.0,45.0,1881.0,0.024,45.0,24.0,212
23,10.9,0.0,1.6,45.0,908.0,0.036,80.0,73.0,62
15,23.5,0.0,2.9,53.0,650.0,0.052,75.0,38.0,115
2,13.2,0.0,2.4,29.0,1271.0,0.033,60.0,51.0,26
11,14.5,0.0,2.2,61.0,772.0,0.016,43.0,41.0,71
11,17.6,0.0,2.3,30.0,1064.0,0.032,43.0,20.0,88
21,19.1,0.0,2.5,66.0,1035.0,0.05,54.0,33.0,175
10,16.6,0.0,0.9,53.0,1145.0,0.011,128.0,30.0,63
17,21.1,0.0,3.1,47.0,1973.0,0.046,38.0,17.0,170
1,13.3,0.0,0.8,29.0,1226.0,,,,34
21,18.8,0.0,2.2,34.0,2000.0,0.04,32.0,14.0,217
17,20.8,0.0,5.1,22.0,1996.0,0.077,42.0,22.0,292
10,21.7,0.0,0.9,47.0,1849.0,0.023,49.0,30.0,97
3,5.7,0.0,0.8,74.0,2000.0,0.032,12.0,13.0,21
6,5.6,0.0,1.0,80.0,1782.0,0.021,17.0,,9
9,15.1,0.0,4.2,63.0,1849.0,0.028,39.0,21.0,118
19,15.3,0.0,3.3,40.0,2000.0,0.045,59.0,26.0,188
9,8.8,0.0,1.8,44.0,833.0,0.005,86.0,69.0,88
3,12.8,0.0,2.0,38.0,802.0,0.016,94.0,82.0,15
3,11.3,0.0,1.3,82.0,602.0,0.049,62.0,33.0,25
21,15.8,0.0,1.1,87.0,620.0,0.026,54.0,27.0,75
15,27.4,0.0,3.7,28.0,1237.0,0.091,,,318
0,16.6,0.0,2.3,47.0,1048.0,0.074,76.0,41.0,89
5,10.9,0.0,2.5,44.0,1757.0,0.03,91.0,24.0,19
11,16.8,0.0,1.3,61.0,682.0,0.042,69.0,40.0,109
7,13.2,0.0,0.6,85.0,431.0,0.023,50.0,39.0,17
13,15.5,0.0,1.3,33.0,1716.0,0.018,82.0,28.0,80
3,10.5,0.0,2.4,73.0,990.0,0.042,46.0,25.0,26
14,26.3,0.0,4.3,31.0,1060.0,0.09,,,190
4,8.0,0.0,1.5,53.0,861.0,0.005,82.0,77.0,8
12,21.8,0.0,3.6,47.0,1903.0,0.056,34.0,21.0,147
14,25.0,0.0,3.1,44.0,1989.0,0.053,27.0,17.0,161
1,12.4,0.0,3.5,84.0,911.0,,,,57
10,18.2,0.0,2.4,60.0,527.0,,,,66
16,20.3,0.0,4.8,34.0,1328.0,0.057,71.0,29.0,170
20,15.9,0.0,3.5,43.0,2000.0,0.045,21.0,17.0,128
13,19.1,0.0,5.2,18.0,1450.0,0.044,165.0,17.0,87
14,23.2,0.0,6.0,42.0,1809.0,0.06,44.0,24.0,107
2,14.1,0.0,4.5,42.0,2000.0,0.037,21.0,12.0,40
21,21.2,0.0,3.3,52.0,2000.0,0.032,30.0,21.0,249
3,16.5,0.0,1.1,43.0,1068.0,0.01,162.0,39.0,32
10,16.6,0.0,3.1,53.0,1945.0,0.027,76.0,14.0,89
2,16.0,0.0,2.8,55.0,864.0,0.083,87.0,50.0,34
10,12.6,0.0,2.5,50.0,2000.0,0.018,42.0,25.0,76
16,26.2,0.0,3.9,33.0,2000.0,0.063,36.0,23.0,254
5,5.0,0.0,0.3,59.0,1022.0,0.04,70.0,64.0,12
6,13.1,0.0,0.7,84.0,236.0,0.041,112.0,66.0,19
21,13.3,0.0,3.1,48.0,1880.0,0.052,54.0,26.0,162
1,10.6,0.0,0.2,71.0,844.0,,,,67
21,12.7,0.0,3.5,37.0,2000.0,0.033,62.0,19.0,152
22,18.2,0.0,2.2,30.0,1782.0,0.054,46.0,25.0,144
5,13.7,0.0,1.0,48.0,2000.0,0.049,30.0,18.0,11
10,11.5,0.0,2.7,75.0,657.0,0.011,37.0,,66
12,24.7,0.0,2.7,31.0,2000.0,0.05,26.0,17.0,142
0,9.0,0.0,2.6,52.0,2000.0,0.034,57.0,21.0,44
2,14.6,0.0,1.1,82.0,293.0,0.061,100.0,57.0,16
9,11.8,0.0,2.0,80.0,584.0,0.017,43.0,33.0,113
2,11.9,0.0,1.8,78.0,574.0,0.004,61.0,50.0,29
21,15.7,0.0,3.2,52.0,2000.0,0.049,49.0,16.0,126
15,22.5,0.0,2.9,37.0,848.0,0.048,145.0,45.0,97
21,19.2,0.0,4.1,23.0,2000.0,0.051,38.0,20.0,166
4,13.5,0.0,1.3,81.0,896.0,0.032,34.0,21.0,16
3,18.6,0.0,1.3,79.0,748.0,0.062,47.0,30.0,30
6,10.5,0.0,1.1,42.0,1825.0,0.059,60.0,38.0,20
1,11.2,0.0,1.2,78.0,1982.0,,,,37
14,20.8,0.0,4.6,18.0,2000.0,0.071,38.0,22.0,258
23,14.0,0.0,1.6,33.0,881.0,0.059,86.0,77.0,91
7,14.8,0.0,1.3,87.0,397.0,0.055,51.0,34.0,26
20,16.1,0.0,4.3,24.0,2000.0,0.045,47.0,15.0,169
7,13.7,0.0,2.5,77.0,772.0,0.023,47.0,26.0,78
7,16.2,0.0,1.7,51.0,1583.0,0.004,65.0,46.0,87
23,19.2,0.0,3.0,29.0,2000.0,0.045,59.0,26.0,163
9,14.7,0.0,2.0,68.0,589.0,0.01,65.0,44.0,60
8,13.7,0.0,1.9,65.0,468.0,0.022,116.0,69.0,93
23,21.3,0.0,2.3,68.0,900.0,0.056,65.0,38.0,140
20,22.7,0.0,4.0,36.0,2000.0,0.055,29.0,19.0,238
9,15.3,0.0,1.5,43.0,1084.0,0.032,110.0,29.0,95
23,14.1,0.0,3.1,68.0,475.0,0.032,86.0,52.0,88
0,12.4,0.0,2.6,55.0,965.0,0.059,81.0,54.0,51
21,22.0,0.0,3.9,66.0,984.0,0.076,64.0,39.0,237
20,12.9,0.0,4.0,70.0,1355.0,0.053,54.0,27.0,85
8,8.6,0.0,2.0,89.0,223.0,0.01,74.0,64.0,34
14,14.6,0.0,6.7,14.0,2000.0,0.048,59.0,11.0,93
6,18.3,0.0,2.3,64.0,1403.0,0.026,55.0,32.0,18
21,18.0,0.0,2.7,51.0,1967.0,0.056,54.0,33.0,178
17,26.4,0.0,4.2,30.0,1943.0,0.081,52.0,31.0,173
9,15.1,0.0,2.2,71.0,791.0,0.016,53.0,24.0,104
7,7.6,0.0,0.2,76.0,1677.0,0.01,49.0,22.0,77
5,11.5,0.0,2.3,71.0,1315.0,0.037,75.0,19.0,12
19,14.6,0.0,3.0,76.0,1996.0,0.045,25.0,22.0,147
18,24.8,0.0,3.6,33.0,1262.0,0.084,113.0,49.0,303
13,19.4,0.0,4.9,55.0,1449.0,0.055,53.0,28.0,108
4,16.6,0.0,2.8,48.0,1070.0,0.013,151.0,39.0,16
16,19.0,0.0,3.0,22.0,1990.0,0.05,55.0,22.0,118
23,12.2,0.0,2.3,72.0,869.0,0.034,72.0,34.0,80
5,10.9,0.0,3.8,10.0,2000.0,0.047,45.0,13.0,10
3,13.3,0.0,2.5,43.0,2000.0,0.037,19.0,9.0,23
23,11.2,0.0,1.6,39.0,1908.0,0.029,97.0,22.0,73
5,12.5,0.0,2.0,43.0,2000.0,0.04,17.0,9.0,23
22,19.9,0.0,0.8,42.0,1973.0,0.022,62.0,35.0,148
9,10.9,0.0,1.9,50.0,1844.0,0.012,84.0,24.0,98
19,22.2,0.0,4.2,29.0,2000.0,0.046,38.0,12.0,241
17,23.5,0.0,2.8,38.0,1893.0,0.067,56.0,30.0,257
20,21.8,0.0,4.4,40.0,2000.0,0.048,35.0,19.0,188
12,18.4,0.0,2.9,51.0,1870.0,0.037,56.0,14.0,122
7,10.5,0.0,2.9,99.0,107.0,0.029,29.0,26.0,15
15,26.8,0.0,3.4,30.0,1980.0,0.065,27.0,18.0,246
21,15.2,0.0,1.3,68.0,747.0,0.017,60.0,50.0,144
20,22.5,0.0,4.8,29.0,2000.0,0.053,37.0,22.0,200
5,17.4,0.0,0.9,91.0,390.0,0.02,30.0,24.0,17
5,18.6,0.0,2.3,61.0,1527.0,0.025,56.0,30.0,28
2,18.6,0.0,1.0,75.0,274.0,0.018,115.0,73.0,36
18,22.0,0.0,3.3,11.0,2000.0,0.053,17.0,13.0,336
11,16.9,0.0,5.5,35.0,1948.0,0.045,51.0,13.0,52
0,12.5,0.0,1.4,32.0,2000.0,0.038,27.0,19.0,63
20,11.4,0.0,2.5,85.0,716.0,0.033,38.0,26.0,102
18,18.0,0.0,2.8,29.0,884.0,0.065,,,207
17,19.9,1.0,0.9,56.0,1082.0,0.06,109.0,37.0,4
18,18.0,1.0,1.9,82.0,685.0,0.044,99.0,42.0,15
3,10.6,0.0,1.9,82.0,1638.0,0.024,33.0,27.0,18
20,16.3,1.0,1.5,89.0,576.0,0.027,76.0,33.0,49
14,26.6,0.0,4.1,31.0,1976.0,0.076,43.0,25.0,225
6,15.4,0.0,1.7,57.0,1234.0,0.031,119.0,27.0,11
3,15.1,0.0,0.8,74.0,1935.0,0.034,32.0,20.0,30
22,14.3,0.0,1.7,72.0,820.0,0.006,60.0,45.0,108
18,18.2,0.0,3.8,39.0,2000.0,0.051,23.0,18.0,211
0,14.5,0.0,2.2,67.0,1661.0,0.033,47.0,18.0,62
9,19.5,0.0,1.2,57.0,906.0,0.016,31.0,19.0,124
5,18.2,0.0,0.6,80.0,715.0,0.058,43.0,29.0,14
2,12.3,0.0,4.0,85.0,658.0,0.04,52.0,20.0,35
4,13.8,0.0,0.2,86.0,230.0,0.057,103.0,58.0,11
23,13.3,0.0,1.8,44.0,1650.0,0.043,67.0,34.0,100
12,10.2,0.0,2.8,91.0,634.0,0.019,26.0,25.0,60
5,10.2,0.0,0.7,75.0,726.0,0.03,68.0,31.0,12
8,14.7,0.0,1.6,70.0,1577.0,0.026,28.0,16.0,56
10,13.8,0.0,0.3,54.0,889.0,0.014,78.0,35.0,78
19,22.5,0.0,3.7,53.0,904.0,0.082,84.0,53.0,262
4,10.2,0.0,1.3,63.0,1378.0,0.033,58.0,29.0,11
17,20.8,0.0,3.2,22.0,1135.0,0.068,74.0,57.0,118
14,13.2,1.0,4.7,81.0,604.0,0.053,52.0,19.0,27
16,21.1,0.0,5.6,21.0,1939.0,0.075,37.0,21.0,382
15,21.1,0.0,6.0,19.0,1957.0,0.072,35.0,17.0,348
20,15.0,0.0,4.4,35.0,2000.0,0.052,49.0,18.0,170
3,18.1,0.0,0.8,77.0,272.0,0.008,112.0,69.0,26
15,26.7,0.0,5.2,34.0,1968.0,0.079,48.0,23.0,275
4,15.9,0.0,1.7,59.0,669.0,0.02,103.0,62.0,20
8,11.9,0.0,2.4,71.0,1339.0,0.038,86.0,20.0,34
22,20.2,0.0,2.8,54.0,2000.0,0.022,28.0,21.0,195
11,15.1,0.0,1.6,27.0,989.0,0.018,73.0,62.0,56
7,11.4,0.0,1.6,82.0,460.0,0.039,74.0,44.0,12
21,17.9,1.0,0.2,91.0,553.0,0.021,33.0,27.0,86
21,10.8,0.0,3.3,77.0,1377.0,0.029,47.0,29.0,144
20,18.5,1.0,2.6,89.0,296.0,0.019,40.0,29.0,38
10,18.2,0.0,1.0,52.0,1126.0,0.01,51.0,28.0,96
12,16.0,0.0,2.3,39.0,1834.0,0.034,39.0,23.0,121
16,13.2,1.0,3.3,87.0,1342.0,0.044,24.0,17.0,52
18,17.4,0.0,4.1,30.0,2000.0,0.044,56.0,23.0,303
0,12.2,0.0,2.5,23.0,2000.0,0.036,66.0,19.0,46
8,13.2,0.0,0.5,52.0,2000.0,0.023,35.0,16.0,189
2,15.8,0.0,1.4,39.0,2000.0,0.029,21.0,16.0,51
7,4.4,0.0,0.6,71.0,633.0,0.033,76.0,71.0,76
22,12.3,0.0,2.3,63.0,1249.0,0.033,69.0,26.0,122
4,16.1,0.0,0.6,45.0,1968.0,0.036,47.0,26.0,13
15,26.7,0.0,3.4,30.0,1682.0,0.057,64.0,32.0,205
8,19.4,0.0,2.7,71.0,627.0,0.053,68.0,39.0,191
7,9.0,0.0,1.1,79.0,817.0,0.027,50.0,23.0,90
3,12.1,0.0,3.0,40.0,1436.0,0.066,71.0,44.0,13
2,14.0,0.0,,52.0,2000.0,0.044,37.0,20.0,20
19,10.6,0.0,0.8,84.0,1091.0,0.033,23.0,22.0,114
12,21.4,0.0,,44.0,1375.0,0.044,61.0,37.0,116
8,13.3,0.0,3.3,65.0,1814.0,0.015,44.0,10.0,221
16,19.9,0.0,4.8,15.0,1948.0,0.051,37.0,14.0,151
8,13.7,0.0,3.3,40.0,2000.0,0.032,17.0,9.0,215
2,18.0,0.0,2.1,66.0,1659.0,0.023,40.0,29.0,20
3,17.3,0.0,2.2,69.0,1636.0,0.032,30.0,24.0,27
0,19.1,0.0,1.4,61.0,2000.0,0.016,28.0,17.0,94
16,23.9,0.0,6.0,22.0,2000.0,0.058,40.0,14.0,137
23,15.4,0.0,1.4,87.0,423.0,0.019,85.0,35.0,87
9,17.1,0.0,1.6,50.0,1416.0,0.007,64.0,44.0,82
17,20.6,0.0,3.2,56.0,1539.0,0.049,52.0,26.0,183
23,13.1,0.0,3.0,84.0,990.0,0.036,39.0,19.0,87
7,13.7,0.0,0.3,71.0,508.0,0.062,81.0,50.0,19
2,11.4,0.0,2.1,40.0,1766.0,0.033,103.0,24.0,23
21,14.8,0.0,3.7,44.0,2000.0,0.042,23.0,16.0,120
