datetime_beginning_ept,pnode_id,pnode_name,voltage,equipment,type,zone,system_energy_price_rt,total_lmp_rt,congestion_price_rt,marginal_loss_price_rt,system_energy_price_da,total_lmp_da,congestion_price_da,marginal_loss_price_da
10/31/2024 11:00:00 PM,1,PJM,,,ZONE,,17.905,17.939268,0.023022,0.011247,23.67,23.624581,-0.111511,0.066092
10/31/2024 10:00:00 PM,1,PJM,,,ZONE,,21.4125,21.44369,0.017098,0.014092,26.34,26.281229,-0.125429,0.066658
10/31/2024 9:00:00 PM,1,PJM,,,ZONE,,24.628333,24.639748,-0.004781,0.016196,29.72,29.606829,-0.179566,0.066395
10/31/2024 8:00:00 PM,1,PJM,,,ZONE,,33.69,33.707978,-0.003934,0.021912,34.37,34.167769,-0.270467,0.068236
10/31/2024 7:00:00 PM,1,PJM,,,ZONE,,21.8025,21.819145,0.002399,0.014246,44.53,44.181643,-0.441626,0.093269
10/31/2024 6:00:00 PM,1,PJM,,,ZONE,,26.15,26.168019,-0.000352,0.018371,53.3,52.88606,-0.56272,0.14878
10/31/2024 5:00:00 PM,1,PJM,,,ZONE,,32.824167,32.873756,0.025244,0.024346,49.07,48.591852,-0.630083,0.151935
10/31/2024 4:00:00 PM,1,PJM,,,ZONE,,27.429167,27.454003,0.003669,0.021167,43.1,42.207055,-0.990395,0.09745
10/31/2024 3:00:00 PM,1,PJM,,,ZONE,,27.870833,27.924429,0.032324,0.021272,37.6,36.885918,-0.770762,0.05668
10/31/2024 2:00:00 PM,1,PJM,,,ZONE,,29.358333,29.393895,0.014031,0.021531,32.84,32.313894,-0.570814,0.044708
10/31/2024 1:00:00 PM,1,PJM,,,ZONE,,25.116667,25.147196,0.011995,0.018534,29.87,29.555744,-0.338745,0.024489
10/31/2024 12:00:00 PM,1,PJM,,,ZONE,,24.383333,24.406698,0.007465,0.0159,27.42,27.204678,-0.230223,0.014901
10/31/2024 11:00:00 AM,1,PJM,,,ZONE,,19.178333,19.194487,0.002613,0.01354,26.12,26.020275,-0.136482,0.036757
10/31/2024 10:00:00 AM,1,PJM,,,ZONE,,21.538333,21.555229,0.003022,0.013874,22.55,22.471752,-0.10264,0.024392
10/31/2024 9:00:00 AM,1,PJM,,,ZONE,,21.195833,21.212783,0.003636,0.013313,22.21,22.142942,-0.096501,0.029443
10/31/2024 8:00:00 AM,1,PJM,,,ZONE,,27.155833,27.176957,0.003283,0.017841,28.04,27.949346,-0.106694,0.01604
10/31/2024 7:00:00 AM,1,PJM,,,ZONE,,33.518333,33.542338,0.004511,0.019494,33.27,33.093202,-0.206416,0.029618
10/31/2024 6:00:00 AM,1,PJM,,,ZONE,,28.135,28.175709,0.017619,0.02309,28.11,27.943222,-0.209543,0.042765
10/31/2024 5:00:00 AM,1,PJM,,,ZONE,,16.415833,16.431112,0.002333,0.012946,18.18,18.130212,-0.087865,0.038077
10/31/2024 4:00:00 AM,1,PJM,,,ZONE,,18.65,18.662462,0,0.012462,15.36,15.318836,-0.064041,0.022877
10/31/2024 3:00:00 AM,1,PJM,,,ZONE,,13.238333,13.255026,0.00759,0.009103,14.23,14.202923,-0.052431,0.025354
10/31/2024 2:00:00 AM,1,PJM,,,ZONE,,12.666667,12.69055,0.015412,0.008471,15.35,15.313875,-0.054089,0.017964
10/31/2024 1:00:00 AM,1,PJM,,,ZONE,,15.254167,15.264681,0,0.010514,16.56,16.55015,-0.053502,0.043652
10/31/2024 12:00:00 AM,1,PJM,,,ZONE,,14.194167,14.19788,-0.005383,0.009097,17.35,17.350449,-0.061245,0.061694
10/30/2024 11:00:00 PM,1,PJM,,,ZONE,,16.866667,16.888934,0.011797,0.01047,20.32,20.281244,-0.081767,0.043011
10/30/2024 10:00:00 PM,1,PJM,,,ZONE,,18.961667,18.983105,0.00915,0.012288,22.6,22.542436,-0.093764,0.0362
10/30/2024 9:00:00 PM,1,PJM,,,ZONE,,20.410833,20.443548,0.017759,0.014955,27.97,27.833469,-0.133907,-0.002624
10/30/2024 8:00:00 PM,1,PJM,,,ZONE,,29.123333,29.182616,0.040773,0.018509,31.69,31.506051,-0.208004,0.024055
10/30/2024 7:00:00 PM,1,PJM,,,ZONE,,38.591667,38.710956,0.096284,0.023006,44.17,43.882937,-0.329506,0.042443
10/30/2024 6:00:00 PM,1,PJM,,,ZONE,,34.526667,34.600676,0.053938,0.020071,55.49,55.619275,0.057123,0.072152
10/30/2024 5:00:00 PM,1,PJM,,,ZONE,,32.525833,32.575694,0.027731,0.02213,50.06,50.140065,-0.041326,0.121391
10/30/2024 4:00:00 PM,1,PJM,,,ZONE,,24.081667,24.090937,-0.006247,0.015517,35.68,35.469926,-0.263337,0.053263
10/30/2024 3:00:00 PM,1,PJM,,,ZONE,,19.885833,19.893486,-0.004949,0.012602,30.4,30.30643,-0.146032,0.052462
10/30/2024 2:00:00 PM,1,PJM,,,ZONE,,18.3525,18.365367,0.000482,0.012385,28.66,28.568429,-0.133127,0.041556
10/30/2024 1:00:00 PM,1,PJM,,,ZONE,,20.160833,20.181046,0.010322,0.009891,27.65,27.527092,-0.153648,0.03074
10/30/2024 12:00:00 PM,1,PJM,,,ZONE,,19.164167,19.179171,0.00207,0.012934,26.3,26.175923,-0.15399,0.029913
10/30/2024 11:00:00 AM,1,PJM,,,ZONE,,17.808333,17.820506,0.00114,0.011033,22.69,22.602202,-0.110146,0.022348
10/30/2024 10:00:00 AM,1,PJM,,,ZONE,,17.808333,17.81737,0,0.009036,21.94,21.844489,-0.112875,0.017364
10/30/2024 9:00:00 AM,1,PJM,,,ZONE,,19.8025,19.816382,0.002315,0.011567,21.89,21.800993,-0.093357,0.00435
10/30/2024 8:00:00 AM,1,PJM,,,ZONE,,28.048333,28.091171,0.025709,0.017129,28.28,28.156435,-0.127914,0.004349
10/30/2024 7:00:00 AM,1,PJM,,,ZONE,,25.935,25.935527,-0.015538,0.016065,32.81,32.696993,-0.13443,0.021423
10/30/2024 6:00:00 AM,1,PJM,,,ZONE,,30.4525,30.531069,0.055566,0.023003,27.51,27.402552,-0.126221,0.018773
10/30/2024 5:00:00 AM,1,PJM,,,ZONE,,19.830833,19.879069,0.031813,0.016422,16.97,16.86347,-0.115521,0.008991
10/30/2024 4:00:00 AM,1,PJM,,,ZONE,,13.4425,13.455732,0.001508,0.011724,14.15,14.074862,-0.082499,0.007361
10/30/2024 3:00:00 AM,1,PJM,,,ZONE,,12.505833,12.518383,0.002359,0.010191,13.42,13.359988,-0.076923,0.016911
10/30/2024 2:00:00 AM,1,PJM,,,ZONE,,13.079167,13.093053,0.002549,0.011337,13.64,13.595491,-0.057054,0.012545
10/30/2024 1:00:00 AM,1,PJM,,,ZONE,,14.268333,14.281268,0.003217,0.009718,14.94,14.893986,-0.063722,0.017708
10/30/2024 12:00:00 AM,1,PJM,,,ZONE,,15.27,15.286037,0.004026,0.012011,16.8,16.768207,-0.066667,0.034874
10/29/2024 11:00:00 PM,1,PJM,,,ZONE,,15.640833,15.65514,0.005876,0.008431,22.24,22.31767,0.030457,0.047213
10/29/2024 10:00:00 PM,1,PJM,,,ZONE,,21.225,21.251221,0.011946,0.014275,25.4,25.439094,0.000448,0.038646
10/29/2024 9:00:00 PM,1,PJM,,,ZONE,,27.8675,27.910674,0.025101,0.018073,30.46,30.486173,-0.030341,0.056514
10/29/2024 8:00:00 PM,1,PJM,,,ZONE,,30.329167,30.392561,0.045337,0.018057,33.6,33.643186,0.016844,0.026342
10/29/2024 7:00:00 PM,1,PJM,,,ZONE,,33.741667,33.817322,0.055644,0.020012,46.2,46.198111,-0.02952,0.027631
10/29/2024 6:00:00 PM,1,PJM,,,ZONE,,43.704167,43.818202,0.085763,0.028273,59.67,59.718612,-0.050845,0.099457
10/29/2024 5:00:00 PM,1,PJM,,,ZONE,,33.168333,33.24641,0.056853,0.021224,48.5,48.504058,-0.044993,0.049051
10/29/2024 4:00:00 PM,1,PJM,,,ZONE,,20.986667,21.019492,0.019829,0.012996,32.6,32.595695,-0.038978,0.034673
10/29/2024 3:00:00 PM,1,PJM,,,ZONE,,20.235833,20.280604,0.032457,0.012314,28.19,28.107769,-0.079505,-0.002726
10/29/2024 2:00:00 PM,1,PJM,,,ZONE,,21.134167,21.165292,0.018143,0.012982,26.88,26.75271,-0.105277,-0.022013
10/29/2024 1:00:00 PM,1,PJM,,,ZONE,,19.131667,19.147111,0.005612,0.009832,26.65,26.492463,-0.126093,-0.031444
10/29/2024 12:00:00 PM,1,PJM,,,ZONE,,20.943333,20.967176,0.009981,0.013862,25.45,25.31078,-0.093272,-0.045948
10/29/2024 11:00:00 AM,1,PJM,,,ZONE,,20.479167,20.502794,0.010782,0.012845,24.13,23.985733,-0.084595,-0.059672
10/29/2024 10:00:00 AM,1,PJM,,,ZONE,,17.811667,17.85963,0.037782,0.010182,23.57,23.456667,-0.074511,-0.038822
10/29/2024 9:00:00 AM,1,PJM,,,ZONE,,20.815833,20.839089,0.011549,0.011707,24.59,24.464559,-0.088238,-0.037203
10/29/2024 8:00:00 AM,1,PJM,,,ZONE,,26.323333,26.371367,0.031504,0.01653,32.66,32.471654,-0.173882,-0.014464
10/29/2024 7:00:00 AM,1,PJM,,,ZONE,,34.37,34.402339,0.010311,0.022029,49.1,48.822866,-0.300388,0.023254
10/29/2024 6:00:00 AM,1,PJM,,,ZONE,,27.605,27.647072,0.021242,0.02083,34.4,34.211241,-0.202473,0.013714
10/29/2024 5:00:00 AM,1,PJM,,,ZONE,,18.668333,18.684062,0.001397,0.014332,19.78,19.757051,-0.000509,-0.02244
10/29/2024 4:00:00 AM,1,PJM,,,ZONE,,15.333333,15.344223,-0.000539,0.011429,17.02,16.951072,-0.061247,-0.007681
10/29/2024 3:00:00 AM,1,PJM,,,ZONE,,15.928333,15.939067,-0.000258,0.010991,15.81,15.725568,-0.074438,-0.009994
10/29/2024 2:00:00 AM,1,PJM,,,ZONE,,16.0425,16.053528,0,0.011028,15.67,15.581667,-0.076512,-0.011821
10/29/2024 1:00:00 AM,1,PJM,,,ZONE,,16.681667,16.692007,0,0.01034,15.93,15.829172,-0.080738,-0.02009
10/29/2024 12:00:00 AM,1,PJM,,,ZONE,,14.02,14.034823,0.004301,0.010521,17.25,17.179132,-0.060193,-0.010675
10/28/2024 11:00:00 PM,1,PJM,,,ZONE,,18.029167,18.045133,0.002521,0.013446,20.82,20.743186,-0.072504,-0.00431
10/28/2024 10:00:00 PM,1,PJM,,,ZONE,,21.494167,21.542941,0.033617,0.015157,22.58,22.650688,0.084155,-0.013467
10/28/2024 9:00:00 PM,1,PJM,,,ZONE,,21.2225,21.263263,0.027094,0.013668,27.16,27.042603,-0.078058,-0.039339
10/28/2024 8:00:00 PM,1,PJM,,,ZONE,,22.845,22.930113,0.069947,0.015166,28.65,28.520161,-0.07924,-0.050599
10/28/2024 7:00:00 PM,1,PJM,,,ZONE,,33.7325,33.827609,0.073762,0.021347,37.6,37.431461,-0.11186,-0.056679
10/28/2024 6:00:00 PM,1,PJM,,,ZONE,,42.840833,42.926229,0.058412,0.026984,50.52,50.371411,-0.112642,-0.035947
10/28/2024 5:00:00 PM,1,PJM,,,ZONE,,29.543333,29.587009,0.02229,0.021386,36.07,35.912365,-0.11693,-0.040705
10/28/2024 4:00:00 PM,1,PJM,,,ZONE,,19.4725,19.491675,0.004329,0.014846,25.85,25.849209,0.032045,-0.032836
10/28/2024 3:00:00 PM,1,PJM,,,ZONE,,19.768333,19.782832,0.001724,0.012774,22.06,22.028268,-0.007293,-0.024439
10/28/2024 2:00:00 PM,1,PJM,,,ZONE,,18.413333,18.427057,0.001346,0.012379,22.33,22.293053,0.001563,-0.03851
10/28/2024 1:00:00 PM,1,PJM,,,ZONE,,20.3025,20.317687,0.001965,0.013222,22.79,22.757818,0.001952,-0.034134
10/28/2024 12:00:00 PM,1,PJM,,,ZONE,,21.4425,21.460941,0.0007,0.017741,24.86,24.835252,0.010897,-0.035645
10/28/2024 11:00:00 AM,1,PJM,,,ZONE,,22.7025,22.718031,0.002001,0.01353,26.5,26.461904,-0.002098,-0.035998
10/28/2024 10:00:00 AM,1,PJM,,,ZONE,,26.0025,26.02361,0.001714,0.019396,26.71,26.713119,0.025567,-0.022448
10/28/2024 9:00:00 AM,1,PJM,,,ZONE,,26.815,26.840672,0.007752,0.017919,28.55,28.399097,-0.133224,-0.017679
10/28/2024 8:00:00 AM,1,PJM,,,ZONE,,41.561667,41.612388,0.023376,0.027345,49.77,49.599297,-0.203959,0.033256
10/28/2024 7:00:00 AM,1,PJM,,,ZONE,,46.308333,46.403097,0.062897,0.031867,87.98,87.814448,-0.204536,0.038984
10/28/2024 6:00:00 AM,1,PJM,,,ZONE,,24.175833,24.255202,0.059432,0.019936,49.42,49.3056,-0.15424,0.03984
10/28/2024 5:00:00 AM,1,PJM,,,ZONE,,16.985833,17.07732,0.079073,0.012414,27.58,27.496768,-0.115484,0.032252
10/28/2024 4:00:00 AM,1,PJM,,,ZONE,,20.355,20.464373,0.091293,0.018081,22.36,22.266999,-0.094284,0.001283
10/28/2024 3:00:00 AM,1,PJM,,,ZONE,,19.3175,19.372241,0.039811,0.01493,20.26,20.190554,-0.086225,0.016779
10/28/2024 2:00:00 AM,1,PJM,,,ZONE,,16.945833,16.999828,0.041437,0.012558,19.47,19.371047,-0.106702,0.007749
10/28/2024 1:00:00 AM,1,PJM,,,ZONE,,20.05,20.105626,0.039282,0.016344,19.79,19.686011,-0.104093,0.000104
10/28/2024 12:00:00 AM,1,PJM,,,ZONE,,20.49,20.530692,0.025565,0.015127,20.74,20.611193,-0.120678,-0.008129
10/27/2024 11:00:00 PM,1,PJM,,,ZONE,,23.071667,23.095147,0.005851,0.01763,26.19,26.117433,-0.057809,-0.014758
10/27/2024 10:00:00 PM,1,PJM,,,ZONE,,33.103333,33.13187,0.003888,0.024649,28.14,28.07603,-0.04312,-0.02085
10/27/2024 9:00:00 PM,1,PJM,,,ZONE,,33.235833,33.262444,0.002132,0.024478,31.06,30.999643,-0.030195,-0.030162
10/27/2024 8:00:00 PM,1,PJM,,,ZONE,,45.681667,45.713735,0.00089,0.031179,34.19,34.094252,-0.058894,-0.036854
10/27/2024 7:00:00 PM,1,PJM,,,ZONE,,63.599167,63.636671,0,0.037505,48.87,48.811016,-0.006009,-0.052975
10/27/2024 6:00:00 PM,1,PJM,,,ZONE,,56.13,56.166874,0.000668,0.036206,49.53,49.514003,-0.001329,-0.014668
10/27/2024 5:00:00 PM,1,PJM,,,ZONE,,41.438333,41.47053,0.001867,0.03033,35.42,35.411046,-0.006867,-0.002087
10/27/2024 4:00:00 PM,1,PJM,,,ZONE,,21.7675,21.785492,0.001532,0.016461,23.45,23.441967,-0.012072,0.004039
10/27/2024 3:00:00 PM,1,PJM,,,ZONE,,18.871667,18.885245,0.000156,0.013422,19.7,19.68897,-0.011201,0.000171
10/27/2024 2:00:00 PM,1,PJM,,,ZONE,,16.440833,16.453849,0,0.013016,18.87,18.863067,-0.008028,0.001095
10/27/2024 1:00:00 PM,1,PJM,,,ZONE,,16.485,16.49704,0,0.01204,19.27,19.25831,-0.00777,-0.00392
10/27/2024 12:00:00 PM,1,PJM,,,ZONE,,18.7575,18.769917,0,0.012417,20.06,20.048874,-0.003829,-0.007297
10/27/2024 11:00:00 AM,1,PJM,,,ZONE,,21.505833,21.520066,0,0.014232,19.93,19.934382,-0.004016,0.008398
10/27/2024 10:00:00 AM,1,PJM,,,ZONE,,21.765,21.781695,0,0.016695,19.96,19.974681,-0.000699,0.01538
10/27/2024 9:00:00 AM,1,PJM,,,ZONE,,21.2925,21.307488,0.0003,0.014688,21.89,21.92422,0.007452,0.026768
10/27/2024 8:00:00 AM,1,PJM,,,ZONE,,27.425833,27.451822,0.004553,0.021436,32.09,32.147754,0.021767,0.035987
10/27/2024 7:00:00 AM,1,PJM,,,ZONE,,42.729167,42.769467,0.008473,0.031827,32.56,32.652943,0.03588,0.057063
10/27/2024 6:00:00 AM,1,PJM,,,ZONE,,26.799167,26.848373,0.02825,0.020957,25.58,25.665591,0.044646,0.040945
10/27/2024 5:00:00 AM,1,PJM,,,ZONE,,26.9725,27.033855,0.038835,0.02252,23.01,23.07458,0.029235,0.035345
10/27/2024 4:00:00 AM,1,PJM,,,ZONE,,21.370833,21.405529,0.017348,0.017348,21.2,21.253062,0.022029,0.031033
10/27/2024 3:00:00 AM,1,PJM,,,ZONE,,21.199167,21.244914,0.029086,0.016661,20.47,20.540983,0.034223,0.03676
10/27/2024 2:00:00 AM,1,PJM,,,ZONE,,21.219167,21.264525,0.029958,0.0154,20.21,20.258328,0.017256,0.031072
10/27/2024 1:00:00 AM,1,PJM,,,ZONE,,22.239167,22.268416,0.013169,0.01608,22.49,22.544629,0.012757,0.041872
10/27/2024 12:00:00 AM,1,PJM,,,ZONE,,23.8075,23.833166,0.009047,0.01662,24.19,24.225415,0.002833,0.032582
10/26/2024 11:00:00 PM,1,PJM,,,ZONE,,24.784167,24.80677,0.004766,0.017837,27.56,27.514644,-0.004481,-0.040875
10/26/2024 10:00:00 PM,1,PJM,,,ZONE,,23.3275,23.344892,0.000699,0.016692,28.22,28.176148,-0.006057,-0.037795
10/26/2024 9:00:00 PM,1,PJM,,,ZONE,,40.935833,40.964101,0,0.028267,30.08,29.994052,-0.010689,-0.075259
10/26/2024 8:00:00 PM,1,PJM,,,ZONE,,23.99,24.00502,0,0.01502,31.21,31.149932,-0.008609,-0.051459
10/26/2024 7:00:00 PM,1,PJM,,,ZONE,,27.34,27.357049,0,0.017049,43.18,43.110275,-0.010354,-0.059371
10/26/2024 6:00:00 PM,1,PJM,,,ZONE,,38.761667,38.787879,0,0.026213,46.26,46.216217,-0.021263,-0.02252
10/26/2024 5:00:00 PM,1,PJM,,,ZONE,,25.305833,25.321616,0,0.015783,34.3,34.262913,-0.035156,-0.001931
10/26/2024 4:00:00 PM,1,PJM,,,ZONE,,16.393333,16.404463,0,0.01113,22.5,22.425254,-0.041913,-0.032833
10/26/2024 3:00:00 PM,1,PJM,,,ZONE,,15.8,15.811266,0.000175,0.011091,21.14,21.070135,-0.034228,-0.035637
10/26/2024 2:00:00 PM,1,PJM,,,ZONE,,16.336667,16.35061,0.000895,0.013048,19.9,19.824826,-0.027674,-0.0475
10/26/2024 1:00:00 PM,1,PJM,,,ZONE,,15.384167,15.39664,0,0.012473,20.95,20.865544,-0.028287,-0.056169
10/26/2024 12:00:00 PM,1,PJM,,,ZONE,,14.589167,14.598931,0,0.009765,21.94,21.865658,-0.023274,-0.051068
10/26/2024 11:00:00 AM,1,PJM,,,ZONE,,15.425833,15.436595,0,0.010761,22.18,22.107158,-0.022052,-0.05079
10/26/2024 10:00:00 AM,1,PJM,,,ZONE,,17.03,17.039056,0,0.009056,21.98,21.908659,-0.01881,-0.052531
10/26/2024 9:00:00 AM,1,PJM,,,ZONE,,15.936667,15.949803,0.000283,0.012854,21.79,21.745356,-0.005207,-0.039437
10/26/2024 8:00:00 AM,1,PJM,,,ZONE,,19.264167,19.278969,0.001126,0.013677,28.12,28.082543,0.005688,-0.043145
10/26/2024 7:00:00 AM,1,PJM,,,ZONE,,20.745833,20.762096,0,0.016262,27.67,27.698988,0.017605,0.011383
10/26/2024 6:00:00 AM,1,PJM,,,ZONE,,16.118333,16.12896,0,0.010626,21.38,21.425912,0.030459,0.015453
10/26/2024 5:00:00 AM,1,PJM,,,ZONE,,16.404167,16.416705,0,0.012539,19.6,19.622628,0.007405,0.015223
10/26/2024 4:00:00 AM,1,PJM,,,ZONE,,16.6175,16.628877,0,0.011377,19.35,19.344678,0.006933,-0.012255
10/26/2024 3:00:00 AM,1,PJM,,,ZONE,,15.974167,15.984151,0,0.009984,18.94,18.93285,0.000747,-0.007897
10/26/2024 2:00:00 AM,1,PJM,,,ZONE,,15.685,15.693822,0,0.008822,19.95,19.954116,0.001203,0.002913
10/26/2024 1:00:00 AM,1,PJM,,,ZONE,,18.106667,18.116111,0,0.009445,22.24,22.247197,0.000057,0.00714
10/26/2024 12:00:00 AM,1,PJM,,,ZONE,,21.6725,21.686106,0,0.013606,25.73,25.740031,-0.002779,0.01281
10/25/2024 11:00:00 PM,1,PJM,,,ZONE,,25.436667,25.452911,0,0.016244,27.44,27.479508,0.00053,0.038978
10/25/2024 10:00:00 PM,1,PJM,,,ZONE,,21.435833,21.448663,0.000363,0.012466,30.79,30.817047,-0.002551,0.029598
10/25/2024 9:00:00 PM,1,PJM,,,ZONE,,24.665,24.686844,0.007423,0.014421,34.68,34.676876,0.014071,-0.017195
10/25/2024 8:00:00 PM,1,PJM,,,ZONE,,27.119167,27.142996,0.007572,0.016258,34.01,34.019691,0.041288,-0.031597
10/25/2024 7:00:00 PM,1,PJM,,,ZONE,,34.269167,34.299196,0.009692,0.020337,39.47,39.543025,0.126499,-0.053474
10/25/2024 6:00:00 PM,1,PJM,,,ZONE,,33.676667,33.704806,0.008729,0.01941,52.9,53.05571,0.151992,0.003718
10/25/2024 5:00:00 PM,1,PJM,,,ZONE,,26.019167,26.04825,0.011983,0.0171,44.29,44.309003,0.032391,-0.013388
10/25/2024 4:00:00 PM,1,PJM,,,ZONE,,25.419167,25.442609,0.007888,0.015554,30.21,30.179298,-0.004391,-0.026311
10/25/2024 3:00:00 PM,1,PJM,,,ZONE,,29.669167,29.695645,0.006348,0.02013,29.04,29.013939,0.010092,-0.036153
10/25/2024 2:00:00 PM,1,PJM,,,ZONE,,28.044167,28.063724,0.001337,0.01822,28.43,28.426711,0.03735,-0.040639
10/25/2024 1:00:00 PM,1,PJM,,,ZONE,,23.255,23.269372,0,0.014372,28.65,28.674172,0.068214,-0.044042
10/25/2024 12:00:00 PM,1,PJM,,,ZONE,,27.880833,27.899963,0,0.01913,29.4,29.405722,0.055047,-0.049325
10/25/2024 11:00:00 AM,1,PJM,,,ZONE,,45.669167,45.697538,0,0.028372,29.54,29.566144,0.063438,-0.037294
10/25/2024 10:00:00 AM,1,PJM,,,ZONE,,28.010833,28.029622,0,0.018788,32.24,32.247074,0.071172,-0.064098
10/25/2024 9:00:00 AM,1,PJM,,,ZONE,,31.550833,31.578223,0.006026,0.021363,33.25,33.239713,0.059856,-0.070143
10/25/2024 8:00:00 AM,1,PJM,,,ZONE,,66.2575,66.317713,0.020493,0.03972,52.98,53.146141,0.286012,-0.119871
10/25/2024 7:00:00 AM,1,PJM,,,ZONE,,52.83,52.887765,0.024016,0.033749,77.91,78.635347,0.854801,-0.129454
10/25/2024 6:00:00 AM,1,PJM,,,ZONE,,30.865,30.90695,0.020499,0.021451,54.34,54.827538,0.594119,-0.106581
10/25/2024 5:00:00 AM,1,PJM,,,ZONE,,23.06,23.094192,0.018213,0.015979,33.03,33.200203,0.257434,-0.087231
10/25/2024 4:00:00 AM,1,PJM,,,ZONE,,21.466667,21.49842,0.014244,0.017509,26.23,26.182485,0.019907,-0.067422
10/25/2024 3:00:00 AM,1,PJM,,,ZONE,,25.184167,25.212545,0.009874,0.018504,23.96,23.923786,0.01357,-0.049784
10/25/2024 2:00:00 AM,1,PJM,,,ZONE,,18.3625,18.383397,0.005478,0.015419,22.09,22.072289,0.019464,-0.037175
10/25/2024 1:00:00 AM,1,PJM,,,ZONE,,18.345,18.363623,0.005722,0.012901,24.05,24.017995,0.016079,-0.048084
10/25/2024 12:00:00 AM,1,PJM,,,ZONE,,20.545,20.564875,0.006525,0.01335,26.55,26.513672,0.025781,-0.062109
10/24/2024 11:00:00 PM,1,PJM,,,ZONE,,30.734167,30.764685,0.00899,0.021529,22.75,22.748427,0.04359,-0.045163
10/24/2024 10:00:00 PM,1,PJM,,,ZONE,,22.466667,22.496664,0.013888,0.01611,27.38,27.41249,0.070478,-0.037988
10/24/2024 9:00:00 PM,1,PJM,,,ZONE,,24.875833,24.906325,0.012419,0.018072,29.89,30.056791,0.17403,-0.007239
10/24/2024 8:00:00 PM,1,PJM,,,ZONE,,26.9075,26.944388,0.018053,0.018835,33.41,33.837545,0.414459,0.013086
10/24/2024 7:00:00 PM,1,PJM,,,ZONE,,33.980833,34.020897,0.020213,0.019851,54.89,55.540524,0.55495,0.095574
10/24/2024 6:00:00 PM,1,PJM,,,ZONE,,52.5425,52.630622,0.054981,0.033141,71.18,72.045901,0.698222,0.167679
10/24/2024 5:00:00 PM,1,PJM,,,ZONE,,68.77,68.934724,0.119069,0.045654,50.35,50.914408,0.42143,0.142978
10/24/2024 4:00:00 PM,1,PJM,,,ZONE,,23.100833,23.120015,0.002977,0.016205,28.96,28.985822,-0.003376,0.029198
10/24/2024 3:00:00 PM,1,PJM,,,ZONE,,24.3025,24.319846,0.002566,0.01478,25.16,25.164289,-0.00358,0.007869
10/24/2024 2:00:00 PM,1,PJM,,,ZONE,,22.890833,22.909008,0.002864,0.015311,24.61,24.585059,-0.016659,-0.008282
10/24/2024 1:00:00 PM,1,PJM,,,ZONE,,25.4325,25.455351,0.006965,0.015885,24.86,24.836993,-0.004944,-0.018063
10/24/2024 12:00:00 PM,1,PJM,,,ZONE,,24.155833,24.181675,0.011512,0.01433,24.6,24.599707,0.003368,-0.003661
10/24/2024 11:00:00 AM,1,PJM,,,ZONE,,24.1425,24.182744,0.024906,0.015338,25.58,25.585372,0.006874,-0.001502
10/24/2024 10:00:00 AM,1,PJM,,,ZONE,,23.615,23.657459,0.026416,0.016042,27.42,27.432918,0.010602,0.002316
10/24/2024 9:00:00 AM,1,PJM,,,ZONE,,24.595,24.627243,0.016367,0.015875,29.07,29.071594,0.000683,0.000911
10/24/2024 8:00:00 AM,1,PJM,,,ZONE,,38.445833,38.516558,0.045587,0.025138,42.37,42.475346,0.089026,0.01632
10/24/2024 7:00:00 AM,1,PJM,,,ZONE,,51.125,51.251889,0.093956,0.032932,73.84,74.352564,0.503992,0.008572
10/24/2024 6:00:00 AM,1,PJM,,,ZONE,,40.930833,40.977605,0.018076,0.028695,42.48,42.709675,0.244166,-0.014491
10/24/2024 5:00:00 AM,1,PJM,,,ZONE,,42.004167,42.04267,0.00926,0.029243,25.95,25.993208,0.048885,-0.005677
10/24/2024 4:00:00 AM,1,PJM,,,ZONE,,26.580833,26.62659,0.022726,0.023031,22.92,22.938045,0.017584,0.000461
10/24/2024 3:00:00 AM,1,PJM,,,ZONE,,23.448333,23.474166,0.007952,0.017881,21.96,21.975131,0.004795,0.010336
10/24/2024 2:00:00 AM,1,PJM,,,ZONE,,21.781667,21.806343,0.007308,0.017368,22.09,22.096833,0.006182,0.000651
10/24/2024 1:00:00 AM,1,PJM,,,ZONE,,24.764167,24.796303,0.014546,0.017591,23.65,23.663189,0.002777,0.010412
10/24/2024 12:00:00 AM,1,PJM,,,ZONE,,30.2675,30.304826,0.016855,0.020472,28.58,28.622468,0.020676,0.021792
10/23/2024 11:00:00 PM,1,PJM,,,ZONE,,28.515833,28.550767,0.01493,0.020004,27.84,27.932614,0.056504,0.03611
10/23/2024 10:00:00 PM,1,PJM,,,ZONE,,33.608333,33.646099,0.015693,0.022073,33.75,33.916524,0.128835,0.037689
10/23/2024 9:00:00 PM,1,PJM,,,ZONE,,37.205,37.258124,0.030182,0.022943,37.33,37.765176,0.381362,0.053814
10/23/2024 8:00:00 PM,1,PJM,,,ZONE,,47.2075,47.308213,0.070092,0.030622,44.39,45.035753,0.544284,0.101469
10/23/2024 7:00:00 PM,1,PJM,,,ZONE,,54.603333,54.72598,0.08827,0.034377,62.63,63.266351,0.429838,0.206513
10/23/2024 6:00:00 PM,1,PJM,,,ZONE,,68.485833,68.748169,0.216319,0.046016,76.96,77.274496,0.032571,0.281925
10/23/2024 5:00:00 PM,1,PJM,,,ZONE,,48.87,49.141011,0.236662,0.03435,63.07,62.994378,-0.326271,0.250649
10/23/2024 4:00:00 PM,1,PJM,,,ZONE,,56.288333,56.680405,0.351418,0.040655,49.13,48.840524,-0.413121,0.123645
10/23/2024 3:00:00 PM,1,PJM,,,ZONE,,30.450833,30.511209,0.038647,0.021729,40.88,40.627006,-0.322551,0.069557
10/23/2024 2:00:00 PM,1,PJM,,,ZONE,,25.868333,25.898643,0.012499,0.017811,33.1,32.874166,-0.263115,0.037281
10/23/2024 1:00:00 PM,1,PJM,,,ZONE,,24.144167,24.160292,-0.000029,0.016154,31.01,30.810873,-0.225143,0.026016
10/23/2024 12:00:00 PM,1,PJM,,,ZONE,,30.136667,30.156927,0.000811,0.019449,28.46,28.176831,-0.295374,0.012205
10/23/2024 11:00:00 AM,1,PJM,,,ZONE,,23.773333,23.792873,0.001415,0.018125,26.24,26.105967,-0.136067,0.002034
10/23/2024 10:00:00 AM,1,PJM,,,ZONE,,22.056667,22.072352,0.00099,0.014696,26.38,26.181475,-0.179597,-0.018928
10/23/2024 9:00:00 AM,1,PJM,,,ZONE,,20.336667,20.356958,0.005199,0.015093,26.18,25.877717,-0.278001,-0.024282
10/23/2024 8:00:00 AM,1,PJM,,,ZONE,,41.5075,41.565611,0.027882,0.03023,33.51,33.266587,-0.230849,-0.012564
10/23/2024 7:00:00 AM,1,PJM,,,ZONE,,48.799167,48.85149,0.019093,0.033231,42.99,43.078907,0.060768,0.028139
10/23/2024 6:00:00 AM,1,PJM,,,ZONE,,26.850833,26.884906,0.011574,0.022498,34.96,35.04903,0.075684,0.013346
10/23/2024 5:00:00 AM,1,PJM,,,ZONE,,14.779167,14.808695,0.017696,0.011833,19.23,18.91256,-0.291927,-0.025513
10/23/2024 4:00:00 AM,1,PJM,,,ZONE,,15.164167,15.193457,0.016482,0.012808,16.2,15.897682,-0.281154,-0.021164
10/23/2024 3:00:00 AM,1,PJM,,,ZONE,,13.5475,13.571724,0.014199,0.010025,14.86,14.577821,-0.271281,-0.010898
10/23/2024 2:00:00 AM,1,PJM,,,ZONE,,13.615833,13.645971,0.019218,0.01092,15.07,14.790061,-0.273839,-0.0061
10/23/2024 1:00:00 AM,1,PJM,,,ZONE,,14.244167,14.271589,0.016538,0.010885,16.29,15.993859,-0.287045,-0.009096
10/23/2024 12:00:00 AM,1,PJM,,,ZONE,,16.919167,16.943475,0.0109,0.013408,18.46,18.135493,-0.304748,-0.019759
10/22/2024 11:00:00 PM,1,PJM,,,ZONE,,22.168333,22.189261,0.00427,0.016658,20.8,20.586647,-0.206852,-0.006501
10/22/2024 10:00:00 PM,1,PJM,,,ZONE,,16.380833,16.405665,0.01404,0.010792,24.79,24.784778,-0.014295,0.009073
10/22/2024 9:00:00 PM,1,PJM,,,ZONE,,18.650833,18.668899,0.004914,0.013152,28.01,28.160453,0.154789,-0.004336
10/22/2024 8:00:00 PM,1,PJM,,,ZONE,,33.130833,33.188954,0.034939,0.023182,33.27,33.447277,0.179595,-0.002318
10/22/2024 7:00:00 PM,1,PJM,,,ZONE,,64.836667,64.957843,0.082318,0.038859,54.84,55.061649,0.152967,0.068682
10/22/2024 6:00:00 PM,1,PJM,,,ZONE,,120.420833,120.728357,0.221159,0.086365,74.49,74.6337,-0.014957,0.158657
10/22/2024 5:00:00 PM,1,PJM,,,ZONE,,34.660833,34.734318,0.048649,0.024836,64.29,64.328389,-0.107489,0.145878
10/22/2024 4:00:00 PM,1,PJM,,,ZONE,,26.781667,26.900226,0.09809,0.020469,41.42,40.908933,-0.564462,0.053395
10/22/2024 3:00:00 PM,1,PJM,,,ZONE,,35.911667,36.110205,0.171161,0.027377,33.89,33.393383,-0.500463,0.003846
10/22/2024 2:00:00 PM,1,PJM,,,ZONE,,20.838333,20.885263,0.032682,0.014247,28.44,28.104024,-0.31343,-0.022546
10/22/2024 1:00:00 PM,1,PJM,,,ZONE,,33.741667,33.892292,0.126039,0.024587,26.41,26.205029,-0.173109,-0.031862
10/22/2024 12:00:00 PM,1,PJM,,,ZONE,,21.635,21.739312,0.08991,0.014402,23.69,23.580052,-0.086239,-0.023709
10/22/2024 11:00:00 AM,1,PJM,,,ZONE,,21.473333,21.513321,0.024411,0.015577,22.14,22.044516,-0.050332,-0.045152
10/22/2024 10:00:00 AM,1,PJM,,,ZONE,,31.723333,31.803685,0.058222,0.022129,21.55,21.521109,0.016736,-0.045627
10/22/2024 9:00:00 AM,1,PJM,,,ZONE,,21.11,21.138786,0.013116,0.01567,21.46,21.410539,-0.002215,-0.047246
10/22/2024 8:00:00 AM,1,PJM,,,ZONE,,24.2225,24.272666,0.03502,0.015147,26.75,26.716788,0.007042,-0.040254
10/22/2024 7:00:00 AM,1,PJM,,,ZONE,,35.791667,35.933254,0.115155,0.026432,46.14,46.318264,0.230814,-0.05255
10/22/2024 6:00:00 AM,1,PJM,,,ZONE,,40.655,40.84151,0.152377,0.034133,39.93,39.797356,-0.076183,-0.056461
10/22/2024 5:00:00 AM,1,PJM,,,ZONE,,13.818333,13.886518,0.055232,0.012953,22.8,22.665142,-0.088142,-0.046716
10/22/2024 4:00:00 AM,1,PJM,,,ZONE,,14.645,14.706226,0.049058,0.012169,17.77,17.707461,-0.035367,-0.027172
10/22/2024 3:00:00 AM,1,PJM,,,ZONE,,14.911667,14.967994,0.044321,0.012006,16.27,16.214246,-0.037654,-0.0181
10/22/2024 2:00:00 AM,1,PJM,,,ZONE,,13.801667,13.847097,0.034737,0.010693,15.94,15.893321,-0.03838,-0.008299
10/22/2024 1:00:00 AM,1,PJM,,,ZONE,,15.596667,15.651706,0.042265,0.012774,16.8,16.774488,-0.01731,-0.008202
10/22/2024 12:00:00 AM,1,PJM,,,ZONE,,17.400833,17.452364,0.037027,0.014503,20.2,20.208663,0.036949,-0.028286
10/21/2024 11:00:00 PM,1,PJM,,,ZONE,,21.6425,21.709015,0.048236,0.018279,25.37,25.439282,0.08942,-0.020138
10/21/2024 10:00:00 PM,1,PJM,,,ZONE,,21.19,21.254062,0.047256,0.016806,28.73,28.929946,0.20726,-0.007314
10/21/2024 9:00:00 PM,1,PJM,,,ZONE,,25.645,25.731836,0.069675,0.017161,35.52,35.904558,0.398032,-0.013474
10/21/2024 8:00:00 PM,1,PJM,,,ZONE,,29.9675,30.0808,0.09422,0.01908,39.47,40.175156,0.718282,-0.013126
10/21/2024 7:00:00 PM,1,PJM,,,ZONE,,47.223333,47.423145,0.171995,0.027817,59.91,60.678372,0.686711,0.081661
10/21/2024 6:00:00 PM,1,PJM,,,ZONE,,59.3175,59.590289,0.229929,0.04286,84.7,85.46724,0.620704,0.146536
10/21/2024 5:00:00 PM,1,PJM,,,ZONE,,60.7125,61.162194,0.4051,0.044594,69.72,70.540804,0.789247,0.031557
10/21/2024 4:00:00 PM,1,PJM,,,ZONE,,28.263333,28.386596,0.102508,0.020755,44.64,44.853445,0.234785,-0.02134
10/21/2024 3:00:00 PM,1,PJM,,,ZONE,,26.000833,26.143322,0.124572,0.017917,35.48,35.485909,0.062031,-0.056122
10/21/2024 2:00:00 PM,1,PJM,,,ZONE,,22.368333,22.418241,0.034186,0.015723,36.09,36.096565,0.090307,-0.083742
10/21/2024 1:00:00 PM,1,PJM,,,ZONE,,52.625,52.697994,0.041527,0.031467,35.59,35.629362,0.124319,-0.084957
10/21/2024 12:00:00 PM,1,PJM,,,ZONE,,34.7875,34.836508,0.025674,0.023333,33.31,33.329346,0.123879,-0.104533
10/21/2024 11:00:00 AM,1,PJM,,,ZONE,,59.614167,59.749914,0.090047,0.0457,31.92,31.874308,0.064662,-0.110354
10/21/2024 10:00:00 AM,1,PJM,,,ZONE,,33.103333,33.179769,0.052037,0.024399,30.26,30.184078,0.022065,-0.097987
10/21/2024 9:00:00 AM,1,PJM,,,ZONE,,23.178333,23.203257,0.00809,0.016834,29.21,29.116953,0.002484,-0.095531
10/21/2024 8:00:00 AM,1,PJM,,,ZONE,,36.275,36.370513,0.071122,0.024392,45.31,45.318406,0.121248,-0.112842
10/21/2024 7:00:00 AM,1,PJM,,,ZONE,,66.148333,66.396149,0.203516,0.0443,77.92,78.04261,0.273268,-0.150658
10/21/2024 6:00:00 AM,1,PJM,,,ZONE,,97.615,98.131267,0.433164,0.083103,45.86,46.210498,0.494204,-0.143706
10/21/2024 5:00:00 AM,1,PJM,,,ZONE,,22.8725,22.961635,0.067877,0.021258,26.19,26.131192,-0.004647,-0.054161
10/21/2024 4:00:00 AM,1,PJM,,,ZONE,,16.5675,16.659538,0.077293,0.014746,18.93,18.931362,0.029179,-0.027817
10/21/2024 3:00:00 AM,1,PJM,,,ZONE,,12.998333,13.097977,0.090097,0.009546,16.7,16.696076,0.020293,-0.024217
10/21/2024 2:00:00 AM,1,PJM,,,ZONE,,11.613333,11.698353,0.073558,0.011462,16.01,15.967058,-0.020144,-0.022798
10/21/2024 1:00:00 AM,1,PJM,,,ZONE,,11.106667,11.182953,0.067642,0.008645,16.79,16.748105,-0.008214,-0.033681
10/21/2024 12:00:00 AM,1,PJM,,,ZONE,,11.99,12.048508,0.048332,0.010177,19.63,19.520837,-0.049045,-0.060118
10/20/2024 11:00:00 PM,1,PJM,,,ZONE,,14.8875,14.922855,0.024562,0.010793,20.23,20.321478,0.099714,-0.008236
10/20/2024 10:00:00 PM,1,PJM,,,ZONE,,13.948333,13.969127,0.00861,0.012184,23.36,23.480999,0.118852,0.002147
10/20/2024 9:00:00 PM,1,PJM,,,ZONE,,17.045833,17.067231,0.008721,0.012678,27.01,27.067226,0.038298,0.018928
10/20/2024 8:00:00 PM,1,PJM,,,ZONE,,21.0925,21.127936,0.019955,0.015481,31.42,31.700811,0.261272,0.019539
10/20/2024 7:00:00 PM,1,PJM,,,ZONE,,37.935833,37.975653,0.015244,0.024576,47.09,47.785347,0.659573,0.035774
10/20/2024 6:00:00 PM,1,PJM,,,ZONE,,48.6725,48.774405,0.069459,0.032446,60.39,61.154374,0.691029,0.073345
10/20/2024 5:00:00 PM,1,PJM,,,ZONE,,53.086667,53.276802,0.152225,0.03791,43.28,43.583361,0.268102,0.035259
10/20/2024 4:00:00 PM,1,PJM,,,ZONE,,15.570833,15.587949,0.005473,0.011643,25.53,25.573017,0.048718,-0.005701
10/20/2024 3:00:00 PM,1,PJM,,,ZONE,,15.136667,15.147821,0,0.011154,19.61,19.624418,0.034215,-0.019797
10/20/2024 2:00:00 PM,1,PJM,,,ZONE,,16.3675,16.378655,0,0.011155,17.89,17.87674,0.008639,-0.021899
10/20/2024 1:00:00 PM,1,PJM,,,ZONE,,15.3675,15.378477,0,0.010977,18.33,18.322844,0.029426,-0.036582
10/20/2024 12:00:00 PM,1,PJM,,,ZONE,,12.751667,12.760146,0,0.00848,18.67,18.659019,0.028822,-0.039803
10/20/2024 11:00:00 AM,1,PJM,,,ZONE,,15.279167,15.290318,0,0.011151,17.91,17.890704,0.017966,-0.037262
10/20/2024 10:00:00 AM,1,PJM,,,ZONE,,12.354167,12.362359,0,0.008192,17.67,17.640185,0.00382,-0.033635
10/20/2024 9:00:00 AM,1,PJM,,,ZONE,,12.620833,12.630621,0.000048,0.009739,17.05,16.987914,-0.030409,-0.031677
10/20/2024 8:00:00 AM,1,PJM,,,ZONE,,21.086667,21.116461,0.013965,0.01583,24.88,24.837604,-0.019709,-0.022687
10/20/2024 7:00:00 AM,1,PJM,,,ZONE,,19.844167,19.895672,0.034083,0.017423,34.11,34.488215,0.404419,-0.026204
10/20/2024 6:00:00 AM,1,PJM,,,ZONE,,15.891667,15.931575,0.026432,0.013476,24.82,24.903792,0.113392,-0.0296
10/20/2024 5:00:00 AM,1,PJM,,,ZONE,,14.130833,14.180735,0.037723,0.012179,20.02,19.858714,-0.123236,-0.03805
10/20/2024 4:00:00 AM,1,PJM,,,ZONE,,14.223333,14.272929,0.03723,0.012366,18.37,18.211112,-0.124199,-0.034689
10/20/2024 3:00:00 AM,1,PJM,,,ZONE,,13.186667,13.245077,0.047587,0.010823,17.14,17.017061,-0.093371,-0.029568
10/20/2024 2:00:00 AM,1,PJM,,,ZONE,,13.4975,13.537461,0.02894,0.011021,17.62,17.501432,-0.085585,-0.032983
10/20/2024 1:00:00 AM,1,PJM,,,ZONE,,13.956667,13.988502,0.020278,0.011557,20.31,20.226917,-0.058556,-0.024527
10/20/2024 12:00:00 AM,1,PJM,,,ZONE,,18.0225,18.053223,0.016115,0.014608,21.19,21.120712,-0.048886,-0.020402
10/19/2024 11:00:00 PM,1,PJM,,,ZONE,,17.356667,17.37309,0.002571,0.013853,24.4,24.320404,-0.079666,0.00007
10/19/2024 10:00:00 PM,1,PJM,,,ZONE,,20.83,20.882454,0.036792,0.015662,29.47,29.575124,0.107884,-0.00276
10/19/2024 9:00:00 PM,1,PJM,,,ZONE,,19.078333,19.107244,0.015727,0.013184,31.35,31.449133,0.107726,-0.008593
10/19/2024 8:00:00 PM,1,PJM,,,ZONE,,22.7525,22.799697,0.032255,0.014942,35,35.193079,0.189271,0.003808
10/19/2024 7:00:00 PM,1,PJM,,,ZONE,,24.101667,24.156666,0.038161,0.016838,44.99,45.411803,0.365236,0.056567
10/19/2024 6:00:00 PM,1,PJM,,,ZONE,,26.403333,26.447657,0.027201,0.017123,53.87,54.31754,0.381473,0.066067
10/19/2024 5:00:00 PM,1,PJM,,,ZONE,,25.323333,25.36525,0.024898,0.017018,38.61,38.65502,0.042128,0.002892
10/19/2024 4:00:00 PM,1,PJM,,,ZONE,,16.156667,16.167716,0,0.011049,25.97,25.920173,-0.053396,0.003569
10/19/2024 3:00:00 PM,1,PJM,,,ZONE,,16.384167,16.393538,0.000089,0.009283,21.05,20.952502,-0.080067,-0.017431
10/19/2024 2:00:00 PM,1,PJM,,,ZONE,,16.2975,16.308151,0,0.010651,19.96,19.852609,-0.088198,-0.019193
10/19/2024 1:00:00 PM,1,PJM,,,ZONE,,16.191667,16.203318,0.000124,0.011527,19.98,19.865058,-0.086021,-0.028921
10/19/2024 12:00:00 PM,1,PJM,,,ZONE,,18.588333,18.60474,0.003487,0.012919,20.89,20.779101,-0.076785,-0.034114
10/19/2024 11:00:00 AM,1,PJM,,,ZONE,,18.3925,18.405437,0.000167,0.01277,21.24,21.119469,-0.086151,-0.03438
10/19/2024 10:00:00 AM,1,PJM,,,ZONE,,18.110833,18.123481,0.001895,0.010753,21.3,21.17133,-0.091433,-0.037237
10/19/2024 9:00:00 AM,1,PJM,,,ZONE,,23.741667,23.782367,0.022972,0.017729,23.83,23.661951,-0.155378,-0.012671
10/19/2024 8:00:00 AM,1,PJM,,,ZONE,,38.499167,38.651757,0.122682,0.029908,39.21,39.162328,-0.030685,-0.016987
10/19/2024 7:00:00 AM,1,PJM,,,ZONE,,141.383333,142.137048,0.638392,0.115322,55.16,55.253767,0.095581,-0.001814
10/19/2024 6:00:00 AM,1,PJM,,,ZONE,,23.625833,23.701633,0.056134,0.019666,36.9,36.688653,-0.20113,-0.010217
10/19/2024 5:00:00 AM,1,PJM,,,ZONE,,24.503333,24.573035,0.04829,0.021412,33.2,32.654153,-0.499936,-0.045911
10/19/2024 4:00:00 AM,1,PJM,,,ZONE,,21.830833,21.891291,0.040393,0.020065,31.17,30.645156,-0.462253,-0.062591
10/19/2024 3:00:00 AM,1,PJM,,,ZONE,,21.8575,21.907501,0.030967,0.019033,29.56,29.060736,-0.432831,-0.066433
10/19/2024 2:00:00 AM,1,PJM,,,ZONE,,23.861667,23.930665,0.046623,0.022375,27.25,26.729454,-0.454333,-0.066213
10/19/2024 1:00:00 AM,1,PJM,,,ZONE,,24.094167,24.175043,0.060158,0.020718,30.45,29.797248,-0.577311,-0.075441
10/19/2024 12:00:00 AM,1,PJM,,,ZONE,,17.289167,17.334909,0.032082,0.013661,30.17,29.747125,-0.371955,-0.05092
10/18/2024 11:00:00 PM,1,PJM,,,ZONE,,30.261667,30.402609,0.117093,0.023849,28.08,27.889525,-0.164639,-0.025836
10/18/2024 10:00:00 PM,1,PJM,,,ZONE,,61.360833,61.682329,0.270818,0.050678,32.36,32.327745,-0.037626,0.005371
10/18/2024 9:00:00 PM,1,PJM,,,ZONE,,87.54,87.746476,0.143929,0.062548,33.86,33.826,-0.056523,0.022523
10/18/2024 8:00:00 PM,1,PJM,,,ZONE,,28.108333,28.182227,0.055539,0.018355,35.3,35.446821,0.120562,0.026259
10/18/2024 7:00:00 PM,1,PJM,,,ZONE,,38.458333,38.585596,0.102941,0.024322,48.03,48.356096,0.293858,0.032238
10/18/2024 6:00:00 PM,1,PJM,,,ZONE,,39.519167,39.645712,0.100021,0.026525,55.47,56.064464,0.530566,0.063898
10/18/2024 5:00:00 PM,1,PJM,,,ZONE,,64.498333,64.685982,0.143995,0.043654,38.1,38.421241,0.308737,0.012504
10/18/2024 4:00:00 PM,1,PJM,,,ZONE,,19.145833,19.186546,0.025794,0.014919,29.21,29.222899,0.014581,-0.001682
10/18/2024 3:00:00 PM,1,PJM,,,ZONE,,18.744167,18.767213,0.008665,0.014382,23.91,23.876915,-0.012803,-0.020282
10/18/2024 2:00:00 PM,1,PJM,,,ZONE,,18.318333,18.336965,0.006022,0.01261,23.39,23.27664,-0.068453,-0.044907
10/18/2024 1:00:00 PM,1,PJM,,,ZONE,,18.69,18.711694,0.008468,0.013227,24.91,24.765227,-0.095632,-0.049141
10/18/2024 12:00:00 PM,1,PJM,,,ZONE,,17.783333,17.804055,0.007362,0.01336,25.78,25.597105,-0.122927,-0.059968
10/18/2024 11:00:00 AM,1,PJM,,,ZONE,,19.045,19.065962,0.007827,0.013135,26.26,26.074246,-0.118153,-0.067601
10/18/2024 10:00:00 AM,1,PJM,,,ZONE,,22.508333,22.542651,0.016427,0.017891,28.27,28.049805,-0.145223,-0.074972
10/18/2024 9:00:00 AM,1,PJM,,,ZONE,,22.270833,22.302353,0.013754,0.017765,28.76,28.601217,-0.13102,-0.027763
10/18/2024 8:00:00 AM,1,PJM,,,ZONE,,133.416667,133.717778,0.220969,0.080142,43.43,43.046086,-0.343918,-0.039996
10/18/2024 7:00:00 AM,1,PJM,,,ZONE,,166.498333,167.215329,0.588962,0.128033,107.65,105.958047,-1.705599,0.013646
10/18/2024 6:00:00 AM,1,PJM,,,ZONE,,48.854167,49.109819,0.219107,0.036546,61.89,61.334361,-0.573972,0.018333
10/18/2024 5:00:00 AM,1,PJM,,,ZONE,,28.298333,28.46721,0.144525,0.024352,34.65,33.758365,-0.816759,-0.074876
10/18/2024 4:00:00 AM,1,PJM,,,ZONE,,72.118333,72.754547,0.573596,0.062618,32.26,31.181433,-0.957692,-0.120875
10/18/2024 3:00:00 AM,1,PJM,,,ZONE,,30.414167,30.669786,0.22832,0.027299,29.29,28.357939,-0.815132,-0.116929
10/18/2024 2:00:00 AM,1,PJM,,,ZONE,,25.515,25.699058,0.159397,0.024661,27.77,26.891745,-0.779695,-0.09856
10/18/2024 1:00:00 AM,1,PJM,,,ZONE,,38.831667,39.114741,0.248116,0.034958,28.59,27.79221,-0.695981,-0.101809
10/18/2024 12:00:00 AM,1,PJM,,,ZONE,,39.9825,40.197269,0.18026,0.034508,33.17,32.465171,-0.583429,-0.1214
10/17/2024 11:00:00 PM,1,PJM,,,ZONE,,26.4825,26.611081,0.106616,0.021965,28.34,28.325214,0.016872,-0.031658
10/17/2024 10:00:00 PM,1,PJM,,,ZONE,,63.930833,64.436068,0.451213,0.054021,31.8,31.943045,0.174096,-0.031051
10/17/2024 9:00:00 PM,1,PJM,,,ZONE,,64.5075,64.875323,0.318052,0.049771,33.08,33.353315,0.28301,-0.009695
10/17/2024 8:00:00 PM,1,PJM,,,ZONE,,31.6825,31.819084,0.113409,0.023175,37.39,37.763236,0.37996,-0.006724
10/17/2024 7:00:00 PM,1,PJM,,,ZONE,,55.794167,55.990895,0.167977,0.028752,58.55,59.210734,0.648424,0.01231
10/17/2024 6:00:00 PM,1,PJM,,,ZONE,,62.11,62.357808,0.201982,0.045825,68.99,69.758264,0.716391,0.051873
10/17/2024 5:00:00 PM,1,PJM,,,ZONE,,28.2825,28.389817,0.086734,0.020583,35.6,36.028259,0.431386,-0.003127
10/17/2024 4:00:00 PM,1,PJM,,,ZONE,,19.530833,19.572766,0.0279,0.014032,25.12,25.172041,0.02374,0.028301
10/17/2024 3:00:00 PM,1,PJM,,,ZONE,,17.680833,17.702155,0.00728,0.014041,22.85,22.901301,0.041597,0.009704
10/17/2024 2:00:00 PM,1,PJM,,,ZONE,,17.035833,17.051499,0.003121,0.012545,23.49,23.516553,0.03178,-0.005227
10/17/2024 1:00:00 PM,1,PJM,,,ZONE,,18.4425,18.462495,0.00734,0.012655,25.85,25.876891,0.035281,-0.00839
10/17/2024 12:00:00 PM,1,PJM,,,ZONE,,21.5775,21.604892,0.01158,0.015812,27.01,27.032724,0.040699,-0.017975
10/17/2024 11:00:00 AM,1,PJM,,,ZONE,,20.1875,20.210023,0.010095,0.012427,28.08,28.068968,0.034453,-0.045485
10/17/2024 10:00:00 AM,1,PJM,,,ZONE,,30.26,30.44389,0.158977,0.024913,31.9,31.871824,0.029138,-0.057314
10/17/2024 9:00:00 AM,1,PJM,,,ZONE,,34.155,34.450452,0.269897,0.025556,32.98,32.892277,-0.0228,-0.064923
10/17/2024 8:00:00 AM,1,PJM,,,ZONE,,39.669167,39.808688,0.110548,0.028973,51.5,51.45783,-0.001074,-0.041096
10/17/2024 7:00:00 AM,1,PJM,,,ZONE,,121.0475,121.341184,0.21405,0.079633,109.32,109.55143,0.302862,-0.071432
10/17/2024 6:00:00 AM,1,PJM,,,ZONE,,63.248333,63.552238,0.255369,0.048535,67.1,67.624362,0.49771,0.026652
10/17/2024 5:00:00 AM,1,PJM,,,ZONE,,41.131667,41.31332,0.148235,0.033418,33.61,33.568624,-0.010407,-0.030969
10/17/2024 4:00:00 AM,1,PJM,,,ZONE,,60.829167,61.174284,0.293378,0.05174,32.17,32.053913,-0.032344,-0.083743
10/17/2024 3:00:00 AM,1,PJM,,,ZONE,,32.94,33.079533,0.109396,0.030137,29.6,29.482578,-0.029105,-0.088317
10/17/2024 2:00:00 AM,1,PJM,,,ZONE,,29.793333,29.874786,0.05793,0.023523,29.82,29.700662,-0.02541,-0.093928
10/17/2024 1:00:00 AM,1,PJM,,,ZONE,,26.146667,26.215673,0.047391,0.021616,31.83,31.72144,-0.025606,-0.082954
10/17/2024 12:00:00 AM,1,PJM,,,ZONE,,75.05,75.384407,0.268225,0.066183,35.06,34.979323,0.019338,-0.100015
10/16/2024 11:00:00 PM,1,PJM,,,ZONE,,46.873333,47.033551,0.121212,0.039006,38.88,38.902706,0.129116,-0.10641
10/16/2024 10:00:00 PM,1,PJM,,,ZONE,,83.850833,84.095185,0.179479,0.064873,42,42.143078,0.203232,-0.060154
10/16/2024 9:00:00 PM,1,PJM,,,ZONE,,56.585,56.713624,0.088086,0.040539,43.62,43.989396,0.413962,-0.044566
10/16/2024 8:00:00 PM,1,PJM,,,ZONE,,48.595,48.709662,0.078931,0.03573,52.72,53.051135,0.374146,-0.043011
10/16/2024 7:00:00 PM,1,PJM,,,ZONE,,156.5925,156.927699,0.228024,0.107175,74.13,74.815848,0.73782,-0.051972
10/16/2024 6:00:00 PM,1,PJM,,,ZONE,,46.98,47.137693,0.121251,0.036442,66.85,67.378159,0.457562,0.070597
10/16/2024 5:00:00 PM,1,PJM,,,ZONE,,46.6425,46.791678,0.110287,0.038891,46.68,47.022475,0.291515,0.05096
10/16/2024 4:00:00 PM,1,PJM,,,ZONE,,22.2275,22.255133,0.011251,0.016382,33.44,33.548168,0.07982,0.028348
10/16/2024 3:00:00 PM,1,PJM,,,ZONE,,20.171667,20.188814,0.001372,0.015776,30.05,30.0613,0.005859,0.005441
10/16/2024 2:00:00 PM,1,PJM,,,ZONE,,20.981667,20.997212,0.000916,0.01463,30.12,30.139776,0.012951,0.006825
10/16/2024 1:00:00 PM,1,PJM,,,ZONE,,20.875,20.891111,0.000056,0.016056,30.48,30.474598,0.010144,-0.015546
10/16/2024 12:00:00 PM,1,PJM,,,ZONE,,21.265833,21.298313,0.014413,0.018068,31.08,31.070297,0.002831,-0.012534
10/16/2024 11:00:00 AM,1,PJM,,,ZONE,,22.255,22.305553,0.033684,0.016869,32.55,32.533546,-0.006542,-0.009912
10/16/2024 10:00:00 AM,1,PJM,,,ZONE,,22.576667,22.607116,0.011314,0.019135,34.08,33.993028,-0.050027,-0.036945
10/16/2024 9:00:00 AM,1,PJM,,,ZONE,,19.870833,19.901142,0.014572,0.015737,34.45,34.366557,-0.043655,-0.039788
10/16/2024 8:00:00 AM,1,PJM,,,ZONE,,33.225,33.289198,0.040831,0.023367,52.79,52.763377,-0.003734,-0.022889
10/16/2024 7:00:00 AM,1,PJM,,,ZONE,,113.914167,114.22849,0.233433,0.08089,88.42,88.646109,0.294584,-0.068475
10/16/2024 6:00:00 AM,1,PJM,,,ZONE,,35.2325,35.314391,0.054168,0.027724,64.05,64.294825,0.335346,-0.090521
10/16/2024 5:00:00 AM,1,PJM,,,ZONE,,28.8225,28.901064,0.051506,0.027058,37.44,37.405936,0.074404,-0.108468
10/16/2024 4:00:00 AM,1,PJM,,,ZONE,,26.6975,26.764163,0.041651,0.025012,31.71,31.62293,0.004185,-0.091255
10/16/2024 3:00:00 AM,1,PJM,,,ZONE,,21.9725,22.00951,0.016806,0.020203,29.37,29.271493,-0.003099,-0.095408
10/16/2024 2:00:00 AM,1,PJM,,,ZONE,,19.330833,19.357755,0.010139,0.016783,27.92,27.83064,0.000083,-0.089443
10/16/2024 1:00:00 AM,1,PJM,,,ZONE,,20.2175,20.250347,0.014526,0.018321,30.77,30.676128,0.008432,-0.102304
10/16/2024 12:00:00 AM,1,PJM,,,ZONE,,41.635,41.7617,0.090996,0.035704,33.92,33.790658,-0.005313,-0.124029
10/15/2024 11:00:00 PM,1,PJM,,,ZONE,,23.644167,23.692521,0.029689,0.018665,39,38.867877,0.008619,-0.140742
10/15/2024 10:00:00 PM,1,PJM,,,ZONE,,28.1,28.156991,0.034013,0.022977,45.92,46.002318,0.223961,-0.141643
10/15/2024 9:00:00 PM,1,PJM,,,ZONE,,30.506667,30.561225,0.03259,0.021969,45.23,45.382086,0.255872,-0.103786
10/15/2024 8:00:00 PM,1,PJM,,,ZONE,,37.045833,37.130196,0.058112,0.026251,49.4,49.57461,0.249916,-0.075306
10/15/2024 7:00:00 PM,1,PJM,,,ZONE,,61.626667,61.768394,0.098551,0.043177,68.12,68.885503,0.811238,-0.045735
10/15/2024 6:00:00 PM,1,PJM,,,ZONE,,182.810833,183.132027,0.185152,0.136042,61.26,61.635608,0.401436,-0.025828
10/15/2024 5:00:00 PM,1,PJM,,,ZONE,,25.3,25.346735,0.025121,0.021614,45.43,45.504143,0.106799,-0.032656
10/15/2024 4:00:00 PM,1,PJM,,,ZONE,,20.1225,20.160841,0.022743,0.015598,33.83,33.380978,-0.378857,-0.070165
10/15/2024 3:00:00 PM,1,PJM,,,ZONE,,21.541667,21.574789,0.017143,0.015979,31.67,31.243629,-0.359312,-0.067059
10/15/2024 2:00:00 PM,1,PJM,,,ZONE,,23.06,23.113583,0.03608,0.017503,31.51,31.021938,-0.409817,-0.078245
10/15/2024 1:00:00 PM,1,PJM,,,ZONE,,20.726667,20.756828,0.013311,0.01685,33.14,32.867186,-0.199413,-0.073401
10/15/2024 12:00:00 PM,1,PJM,,,ZONE,,48.3175,48.44972,0.092686,0.039535,33.88,33.62158,-0.190884,-0.067536
10/15/2024 11:00:00 AM,1,PJM,,,ZONE,,20.338333,20.391204,0.036126,0.016744,35.06,34.903207,-0.079615,-0.077178
10/15/2024 10:00:00 AM,1,PJM,,,ZONE,,19.095833,19.129235,0.016758,0.016643,35.61,35.515057,-0.02788,-0.067063
10/15/2024 9:00:00 AM,1,PJM,,,ZONE,,25.164167,25.283782,0.098166,0.02145,36.55,36.434397,-0.024676,-0.090927
10/15/2024 8:00:00 AM,1,PJM,,,ZONE,,37.095,37.214577,0.091336,0.028242,49.6,49.64395,0.154675,-0.110725
10/15/2024 7:00:00 AM,1,PJM,,,ZONE,,54.761667,54.877698,0.078272,0.03776,62.81,63.707993,0.959702,-0.061709
10/15/2024 6:00:00 AM,1,PJM,,,ZONE,,55.623333,55.732884,0.067705,0.041846,46.62,47.00861,0.434018,-0.045408
10/15/2024 5:00:00 AM,1,PJM,,,ZONE,,25.785833,25.846513,0.039756,0.020923,33.07,32.987735,-0.067958,-0.014307
10/15/2024 4:00:00 AM,1,PJM,,,ZONE,,31.4325,31.497881,0.037752,0.027629,28.18,28.137321,-0.010866,-0.031813
10/15/2024 3:00:00 AM,1,PJM,,,ZONE,,20.785,20.824609,0.020906,0.018703,28.14,28.114996,0.011359,-0.036363
10/15/2024 2:00:00 AM,1,PJM,,,ZONE,,20.1825,20.21906,0.018742,0.017817,28,27.985771,0.010798,-0.025027
10/15/2024 1:00:00 AM,1,PJM,,,ZONE,,25.134167,25.182629,0.026293,0.02217,28.47,28.45809,0.02412,-0.03603
10/15/2024 12:00:00 AM,1,PJM,,,ZONE,,29.281667,29.350882,0.044712,0.024503,29.73,29.748706,0.040386,-0.02168
10/14/2024 11:00:00 PM,1,PJM,,,ZONE,,22.7925,22.836524,0.026336,0.017688,28.23,28.278588,0.067864,-0.019276
10/14/2024 10:00:00 PM,1,PJM,,,ZONE,,25.8075,25.857476,0.031678,0.018299,37.18,37.285942,0.151328,-0.045386
10/14/2024 9:00:00 PM,1,PJM,,,ZONE,,30.109167,30.191068,0.060714,0.021188,37.97,38.258032,0.335859,-0.047827
10/14/2024 8:00:00 PM,1,PJM,,,ZONE,,29.493333,29.561518,0.049546,0.018638,42.99,43.449994,0.453415,0.006579
10/14/2024 7:00:00 PM,1,PJM,,,ZONE,,165.024167,165.295691,0.161357,0.110168,70.66,71.289982,0.70037,-0.070388
10/14/2024 6:00:00 PM,1,PJM,,,ZONE,,51.674167,51.743739,0.03531,0.034262,60.97,61.767648,0.885853,-0.088205
10/14/2024 5:00:00 PM,1,PJM,,,ZONE,,34.830833,34.873109,0.022805,0.01947,43.3,43.811201,0.573773,-0.062572
10/14/2024 4:00:00 PM,1,PJM,,,ZONE,,25.858333,25.914179,0.037435,0.018411,29.36,29.424241,0.106613,-0.042372
10/14/2024 3:00:00 PM,1,PJM,,,ZONE,,26.610833,26.669562,0.043232,0.015497,26.05,26.096931,0.094913,-0.047982
10/14/2024 2:00:00 PM,1,PJM,,,ZONE,,24.2825,24.344349,0.0471,0.014749,28.65,28.728908,0.137276,-0.058368
10/14/2024 1:00:00 PM,1,PJM,,,ZONE,,27.0125,27.068399,0.038873,0.017027,29.14,29.257348,0.161622,-0.044274
10/14/2024 12:00:00 PM,1,PJM,,,ZONE,,27.373333,27.473407,0.082832,0.017242,29.44,29.510786,0.119874,-0.049088
10/14/2024 11:00:00 AM,1,PJM,,,ZONE,,32.6725,32.711441,0.01669,0.022251,28.36,28.318217,-0.00509,-0.036693
10/14/2024 10:00:00 AM,1,PJM,,,ZONE,,27.698333,27.761718,0.043931,0.019454,27.91,27.826982,-0.057938,-0.02508
10/14/2024 9:00:00 AM,1,PJM,,,ZONE,,25.019167,25.053432,0.01693,0.017336,24.38,24.214364,-0.142883,-0.022753
10/14/2024 8:00:00 AM,1,PJM,,,ZONE,,26.015833,26.044653,0.01002,0.018799,31.91,31.611845,-0.260836,-0.037319
10/14/2024 7:00:00 AM,1,PJM,,,ZONE,,34.299167,34.350486,0.025304,0.026015,33.03,33.000341,0.014141,-0.0438
10/14/2024 6:00:00 AM,1,PJM,,,ZONE,,47.156667,47.215485,0.021307,0.037511,26.93,27.060874,0.157535,-0.026661
10/14/2024 5:00:00 AM,1,PJM,,,ZONE,,16.96,16.97455,0.002548,0.012003,20.04,19.583116,-0.428726,-0.028158
10/14/2024 4:00:00 AM,1,PJM,,,ZONE,,13.018333,13.025933,-0.002325,0.009925,16.55,16.135893,-0.37832,-0.035787
10/14/2024 3:00:00 AM,1,PJM,,,ZONE,,12.610833,12.622284,0.001414,0.010037,16.35,15.984161,-0.331009,-0.03483
10/14/2024 2:00:00 AM,1,PJM,,,ZONE,,15.6025,15.600561,-0.013664,0.011725,15,14.559675,-0.408663,-0.031662
10/14/2024 1:00:00 AM,1,PJM,,,ZONE,,16.1625,16.175673,0.000153,0.01302,16.92,16.522032,-0.375803,-0.022165
10/14/2024 12:00:00 AM,1,PJM,,,ZONE,,17.670833,17.68679,0.000822,0.015134,18.79,18.39861,-0.38706,-0.00433
10/13/2024 11:00:00 PM,1,PJM,,,ZONE,,28.035,28.08095,0.025575,0.020375,22.56,22.08071,-0.44067,-0.03862
10/13/2024 10:00:00 PM,1,PJM,,,ZONE,,26.096667,26.14201,0.029765,0.015577,26.67,26.112901,-0.525083,-0.032016
10/13/2024 9:00:00 PM,1,PJM,,,ZONE,,24.690833,24.747554,0.038574,0.018146,32.11,31.709035,-0.397333,-0.003632
10/13/2024 8:00:00 PM,1,PJM,,,ZONE,,26.816667,26.865952,0.030581,0.018705,38.53,38.168198,-0.337837,-0.023965
10/13/2024 7:00:00 PM,1,PJM,,,ZONE,,45.194167,45.240684,0.015706,0.030811,68.64,68.47381,-0.208011,0.041821
10/13/2024 6:00:00 PM,1,PJM,,,ZONE,,46.445833,46.560779,0.082467,0.032479,79.1,78.748012,-0.403952,0.051964
10/13/2024 5:00:00 PM,1,PJM,,,ZONE,,47.8,47.882598,0.043192,0.039405,55.86,55.575249,-0.353348,0.068597
10/13/2024 4:00:00 PM,1,PJM,,,ZONE,,59.5125,59.571539,0.017608,0.041431,37.26,36.194208,-1.067891,0.002099
10/13/2024 3:00:00 PM,1,PJM,,,ZONE,,36.856667,36.92096,0.033913,0.030381,29.69,28.577645,-1.103227,-0.009128
10/13/2024 2:00:00 PM,1,PJM,,,ZONE,,17.646667,17.686697,0.026006,0.014024,26.51,25.930206,-0.559125,-0.020669
10/13/2024 1:00:00 PM,1,PJM,,,ZONE,,19.846667,19.884579,0.022683,0.015229,23.97,23.361549,-0.588655,-0.019796
10/13/2024 12:00:00 PM,1,PJM,,,ZONE,,17.795833,17.835199,0.025455,0.013911,23.45,22.869234,-0.554396,-0.02637
10/13/2024 11:00:00 AM,1,PJM,,,ZONE,,16.976667,17.0066,0.017124,0.012809,21.71,21.328899,-0.346672,-0.034429
10/13/2024 10:00:00 AM,1,PJM,,,ZONE,,15.493333,15.509249,0.005242,0.010674,20.74,20.382205,-0.315543,-0.042252
10/13/2024 9:00:00 AM,1,PJM,,,ZONE,,16.44,16.458506,0.005345,0.013161,22.16,21.903049,-0.220396,-0.036555
10/13/2024 8:00:00 AM,1,PJM,,,ZONE,,18.795833,18.82373,0.013061,0.014835,21.44,21.187808,-0.202658,-0.049534
10/13/2024 7:00:00 AM,1,PJM,,,ZONE,,21.315,21.344789,0.014281,0.015508,21.84,21.616162,-0.160179,-0.063659
10/13/2024 6:00:00 AM,1,PJM,,,ZONE,,19.546667,19.570853,0.009805,0.014382,19.13,18.939797,-0.111544,-0.078659
10/13/2024 5:00:00 AM,1,PJM,,,ZONE,,19.161667,19.181985,0.004204,0.016114,15.39,15.270299,-0.068226,-0.051475
10/13/2024 4:00:00 AM,1,PJM,,,ZONE,,17.1425,17.15707,0,0.01457,16.14,16.077597,-0.014936,-0.047467
10/13/2024 3:00:00 AM,1,PJM,,,ZONE,,14.535,14.545732,0,0.010732,18.12,18.012348,-0.072725,-0.034927
10/13/2024 2:00:00 AM,1,PJM,,,ZONE,,14.411667,14.423728,0,0.012061,18.87,18.744558,-0.096444,-0.028998
10/13/2024 1:00:00 AM,1,PJM,,,ZONE,,21.275,21.295475,0.003695,0.01678,21.27,21.164709,-0.073362,-0.031929
10/13/2024 12:00:00 AM,1,PJM,,,ZONE,,23.278333,23.301961,0.004174,0.019453,22.12,22.003296,-0.122294,0.00559
10/12/2024 11:00:00 PM,1,PJM,,,ZONE,,23.196667,23.21953,0.005676,0.017187,25.44,25.17122,-0.286302,0.017522
10/12/2024 10:00:00 PM,1,PJM,,,ZONE,,29.844167,29.931265,0.065208,0.02189,32.11,31.886222,-0.272153,0.048375
10/12/2024 9:00:00 PM,1,PJM,,,ZONE,,28.395,28.478664,0.062413,0.021251,34.48,34.259238,-0.247321,0.026559
10/12/2024 8:00:00 PM,1,PJM,,,ZONE,,30.404167,30.504463,0.079023,0.021274,39.04,38.952125,-0.070533,-0.017342
10/12/2024 7:00:00 PM,1,PJM,,,ZONE,,29.11,29.169146,0.040133,0.019013,56.16,56.207572,0.055151,-0.007579
10/12/2024 6:00:00 PM,1,PJM,,,ZONE,,26.75,26.807429,0.038018,0.019411,78.63,79.038119,0.316804,0.091315
10/12/2024 5:00:00 PM,1,PJM,,,ZONE,,33.9625,34.015161,0.029548,0.023113,57.26,57.509321,0.244806,0.004515
10/12/2024 4:00:00 PM,1,PJM,,,ZONE,,19.49,19.503184,-0.000194,0.013378,38.04,38.292077,0.268648,-0.016571
10/12/2024 3:00:00 PM,1,PJM,,,ZONE,,29.500833,29.532413,0.013238,0.018342,30.08,30.450341,0.386952,-0.016611
10/12/2024 2:00:00 PM,1,PJM,,,ZONE,,18.213333,18.22716,0.002096,0.01173,27.74,27.842603,0.147631,-0.045028
10/12/2024 1:00:00 PM,1,PJM,,,ZONE,,25.06,25.079284,0.003581,0.015703,27.38,27.393052,0.064582,-0.05153
10/12/2024 12:00:00 PM,1,PJM,,,ZONE,,21.7825,21.802597,0.005,0.015096,26.17,26.224097,0.085812,-0.031715
10/12/2024 11:00:00 AM,1,PJM,,,ZONE,,21.368333,21.38401,0.000783,0.014894,24.67,24.694853,0.061864,-0.037011
10/12/2024 10:00:00 AM,1,PJM,,,ZONE,,24.158333,24.178548,0.000972,0.019243,24.15,24.173534,0.049127,-0.025593
10/12/2024 9:00:00 AM,1,PJM,,,ZONE,,19.094167,19.109224,0,0.015057,22.08,22.126195,0.040207,0.005988
10/12/2024 8:00:00 AM,1,PJM,,,ZONE,,22.43,22.452487,0.005618,0.016869,26.49,26.539154,0.031298,0.017856
10/12/2024 7:00:00 AM,1,PJM,,,ZONE,,31.794167,31.838495,0.021847,0.022481,34.45,34.729912,0.225444,0.054468
10/12/2024 6:00:00 AM,1,PJM,,,ZONE,,26.0975,26.117994,0.002105,0.018389,26.24,26.390177,0.133899,0.016278
10/12/2024 5:00:00 AM,1,PJM,,,ZONE,,25.451667,25.471318,0.001608,0.018043,23.82,23.824556,0.014478,-0.009922
10/12/2024 4:00:00 AM,1,PJM,,,ZONE,,19.395833,19.417332,0.008055,0.013443,21.65,21.648882,0.009716,-0.010834
10/12/2024 3:00:00 AM,1,PJM,,,ZONE,,22.578333,22.61095,0.017126,0.015491,19.03,18.966835,-0.055895,-0.00727
10/12/2024 2:00:00 AM,1,PJM,,,ZONE,,17.084167,17.109577,0.010374,0.015037,19.42,19.283728,-0.122183,-0.014089
10/12/2024 1:00:00 AM,1,PJM,,,ZONE,,20.314167,20.345462,0.015986,0.015309,26.96,26.702193,-0.240821,-0.016986
10/12/2024 12:00:00 AM,1,PJM,,,ZONE,,18.9025,18.929453,0.012862,0.014091,24.47,24.209857,-0.253811,-0.006332
10/11/2024 11:00:00 PM,1,PJM,,,ZONE,,19.494167,19.512984,0.003849,0.014968,20.98,20.771037,-0.188103,-0.02086
10/11/2024 10:00:00 PM,1,PJM,,,ZONE,,21.4125,21.434948,0.004529,0.017919,23.3,23.117972,-0.148886,-0.033142
10/11/2024 9:00:00 PM,1,PJM,,,ZONE,,21.1775,21.196717,0.004901,0.014316,24.72,24.745893,0.0846,-0.058707
10/11/2024 8:00:00 PM,1,PJM,,,ZONE,,22.360833,22.395036,0.019222,0.014981,27.95,28.310499,0.418909,-0.05841
10/11/2024 7:00:00 PM,1,PJM,,,ZONE,,36.391667,36.446123,0.032287,0.02217,35.69,36.329175,0.634319,0.004856
10/11/2024 6:00:00 PM,1,PJM,,,ZONE,,39.160833,39.24171,0.057037,0.023839,47.86,48.641059,0.77374,0.007319
10/11/2024 5:00:00 PM,1,PJM,,,ZONE,,91.401667,91.499676,0.041049,0.05696,36.71,37.360105,0.660926,-0.010821
10/11/2024 4:00:00 PM,1,PJM,,,ZONE,,23.233333,23.245612,0.00026,0.012019,27.75,27.992698,0.265375,-0.022677
10/11/2024 3:00:00 PM,1,PJM,,,ZONE,,20.579167,20.591767,0.000243,0.012357,25.05,25.070725,0.030657,-0.009932
10/11/2024 2:00:00 PM,1,PJM,,,ZONE,,20.815833,20.82865,0.001454,0.011363,23.82,23.867006,0.079143,-0.032137
10/11/2024 1:00:00 PM,1,PJM,,,ZONE,,20.294167,20.310879,0.00133,0.015382,23.76,23.723509,-0.020347,-0.016144
10/11/2024 12:00:00 PM,1,PJM,,,ZONE,,20.353333,20.365707,0.002275,0.010099,24.28,24.243294,-0.016205,-0.020501
10/11/2024 11:00:00 AM,1,PJM,,,ZONE,,21.953333,21.971515,0.003684,0.014498,25.03,25.010385,0.000669,-0.020284
10/11/2024 10:00:00 AM,1,PJM,,,ZONE,,26.86,26.882835,0.005074,0.017761,25.81,25.815905,0.023616,-0.017711
10/11/2024 9:00:00 AM,1,PJM,,,ZONE,,19.141667,19.159885,0.003382,0.014836,25.43,25.406493,0.008442,-0.031949
10/11/2024 8:00:00 AM,1,PJM,,,ZONE,,27.635833,27.676417,0.020497,0.020087,32.95,32.884544,0.021696,-0.087152
10/11/2024 7:00:00 AM,1,PJM,,,ZONE,,34.868333,34.916596,0.022334,0.025929,58.46,58.631554,0.198789,-0.027235
10/11/2024 6:00:00 AM,1,PJM,,,ZONE,,25.239167,25.279984,0.020549,0.020268,46.68,46.871643,0.224398,-0.032755
10/11/2024 5:00:00 AM,1,PJM,,,ZONE,,19.36,19.385509,0.010141,0.015369,27.9,27.677243,-0.18516,-0.037597
10/11/2024 4:00:00 AM,1,PJM,,,ZONE,,20.064167,20.09739,0.016748,0.016475,21.97,21.848213,-0.099913,-0.021874
10/11/2024 3:00:00 AM,1,PJM,,,ZONE,,19.533333,19.564842,0.016825,0.014684,20.66,20.572794,-0.058448,-0.028758
10/11/2024 2:00:00 AM,1,PJM,,,ZONE,,19.478333,19.512367,0.018168,0.015866,20.94,20.866345,-0.052932,-0.020723
10/11/2024 1:00:00 AM,1,PJM,,,ZONE,,20.105833,20.138275,0.016996,0.015446,22.83,22.700562,-0.102228,-0.02721
10/11/2024 12:00:00 AM,1,PJM,,,ZONE,,21.441667,21.479064,0.01972,0.017677,25.41,25.200993,-0.187824,-0.021183
10/10/2024 11:00:00 PM,1,PJM,,,ZONE,,23.176667,23.207048,0.013629,0.016753,26.82,26.870259,0.074094,-0.023835
10/10/2024 10:00:00 PM,1,PJM,,,ZONE,,22.481667,22.517086,0.016058,0.019361,29.95,30.064653,0.142689,-0.028036
10/10/2024 9:00:00 PM,1,PJM,,,ZONE,,29.428333,29.51151,0.061366,0.021811,30.85,31.135682,0.322857,-0.037175
10/10/2024 8:00:00 PM,1,PJM,,,ZONE,,36.789167,36.858736,0.044724,0.024846,37.74,38.19013,0.443766,0.006364
10/10/2024 7:00:00 PM,1,PJM,,,ZONE,,74.06,74.182825,0.072741,0.050084,61.24,62.024443,0.774129,0.010314
10/10/2024 6:00:00 PM,1,PJM,,,ZONE,,65.790833,65.867064,0.035431,0.0408,61.87,62.820146,0.887105,0.063041
10/10/2024 5:00:00 PM,1,PJM,,,ZONE,,44.301667,44.361235,0.029809,0.02976,37.98,38.631117,0.590499,0.060618
10/10/2024 4:00:00 PM,1,PJM,,,ZONE,,23.4125,23.460399,0.032939,0.014961,26.16,26.198285,0.044852,-0.006567
10/10/2024 3:00:00 PM,1,PJM,,,ZONE,,22.680833,22.711084,0.016201,0.014051,22.62,22.569143,-0.011753,-0.039104
10/10/2024 2:00:00 PM,1,PJM,,,ZONE,,20.605833,20.623534,0.003826,0.013875,22.86,22.812627,0.00148,-0.048853
10/10/2024 1:00:00 PM,1,PJM,,,ZONE,,20.870833,20.893142,0.007927,0.014382,23.95,23.905915,-0.001884,-0.042201
10/10/2024 12:00:00 PM,1,PJM,,,ZONE,,23.706667,23.735144,0.012783,0.015695,24.13,24.082493,-0.005229,-0.042278
10/10/2024 11:00:00 AM,1,PJM,,,ZONE,,20.03,20.056278,0.011762,0.014517,23.01,22.974461,-0.004195,-0.031344
10/10/2024 10:00:00 AM,1,PJM,,,ZONE,,22.218333,22.245718,0.010107,0.017277,22.76,22.735403,-0.002603,-0.021994
10/10/2024 9:00:00 AM,1,PJM,,,ZONE,,20.515,20.540311,0.009836,0.015476,24.23,24.215729,0.006938,-0.021209
10/10/2024 8:00:00 AM,1,PJM,,,ZONE,,32.185,32.284864,0.075349,0.024515,29.47,29.468554,0.039944,-0.04139
10/10/2024 7:00:00 AM,1,PJM,,,ZONE,,42.946667,43.050391,0.072938,0.030786,49.38,49.956008,0.51454,0.061468
10/10/2024 6:00:00 AM,1,PJM,,,ZONE,,31.3025,31.448415,0.120797,0.025117,40.34,40.909177,0.525915,0.043262
10/10/2024 5:00:00 AM,1,PJM,,,ZONE,,19.334167,19.404185,0.057143,0.012875,23.56,23.57155,0.027105,-0.015555
10/10/2024 4:00:00 AM,1,PJM,,,ZONE,,14.764167,14.799708,0.023937,0.011604,16.59,16.594082,0.01923,-0.015148
10/10/2024 3:00:00 AM,1,PJM,,,ZONE,,14.03,14.054472,0.012649,0.011823,16.3,16.299186,0.009124,-0.009938
10/10/2024 2:00:00 AM,1,PJM,,,ZONE,,13.12,13.135882,0.003281,0.012601,16.4,16.400515,0.009354,-0.008839
10/10/2024 1:00:00 AM,1,PJM,,,ZONE,,14.521667,14.534926,0.002651,0.010609,18.16,18.165701,0.02122,-0.015519
10/10/2024 12:00:00 AM,1,PJM,,,ZONE,,15.468333,15.494015,0.013211,0.012472,20.25,20.272004,0.046033,-0.024029
10/9/2024 11:00:00 PM,1,PJM,,,ZONE,,17.445,17.511346,0.052444,0.013902,25.07,25.105595,0.057869,-0.022274
10/9/2024 10:00:00 PM,1,PJM,,,ZONE,,20.8525,20.906482,0.036629,0.017353,31.31,31.408822,0.109479,-0.010657
10/9/2024 9:00:00 PM,1,PJM,,,ZONE,,30.671667,30.737666,0.043496,0.022504,36.1,36.40364,0.324574,-0.020934
10/9/2024 8:00:00 PM,1,PJM,,,ZONE,,29.1975,29.331941,0.114015,0.020426,39.9,40.416833,0.523252,-0.006419
10/9/2024 7:00:00 PM,1,PJM,,,ZONE,,42.7775,42.909135,0.10135,0.030285,70.4,71.570916,1.165986,0.00493
10/9/2024 6:00:00 PM,1,PJM,,,ZONE,,51.651667,51.841358,0.150549,0.039143,77.24,78.538159,1.281222,0.016937
10/9/2024 5:00:00 PM,1,PJM,,,ZONE,,34.626667,35.29878,0.646959,0.025154,53.65,54.595987,0.905073,0.040914
10/9/2024 4:00:00 PM,1,PJM,,,ZONE,,31.515,31.759726,0.223917,0.020809,34.65,34.904053,0.251813,0.00224
10/9/2024 3:00:00 PM,1,PJM,,,ZONE,,28.435,28.447176,-0.00464,0.016816,32.01,32.060851,0.065287,-0.014436
10/9/2024 2:00:00 PM,1,PJM,,,ZONE,,21.810833,21.825836,0.001033,0.01397,31.32,31.349794,0.059579,-0.029785
10/9/2024 1:00:00 PM,1,PJM,,,ZONE,,23.604167,23.59884,-0.021328,0.016002,28.56,28.569706,0.025848,-0.016142
10/9/2024 12:00:00 PM,1,PJM,,,ZONE,,25.366667,25.410864,0.026807,0.01739,27.83,27.831867,0.019252,-0.017385
10/9/2024 11:00:00 AM,1,PJM,,,ZONE,,22.431667,22.43205,-0.014242,0.014626,27.23,27.214968,0.008044,-0.023076
10/9/2024 10:00:00 AM,1,PJM,,,ZONE,,19.3475,19.359993,0.000063,0.01243,26.35,26.337671,0.016886,-0.029215
10/9/2024 9:00:00 AM,1,PJM,,,ZONE,,18.941667,18.957426,0.001011,0.014748,27.16,27.136741,0.013123,-0.036382
10/9/2024 8:00:00 AM,1,PJM,,,ZONE,,25.161667,25.192084,0.010673,0.019744,31.73,31.783508,0.094763,-0.041255
10/9/2024 7:00:00 AM,1,PJM,,,ZONE,,46.404167,46.45657,0.018591,0.033813,54.14,54.396644,0.273408,-0.016764
10/9/2024 6:00:00 AM,1,PJM,,,ZONE,,46.614167,46.688765,0.037547,0.037051,42.21,42.429847,0.252219,-0.032372
10/9/2024 5:00:00 AM,1,PJM,,,ZONE,,18.448333,18.470969,0.008615,0.01402,26.57,26.514039,-0.000065,-0.055896
10/9/2024 4:00:00 AM,1,PJM,,,ZONE,,15.523333,15.544021,0.009686,0.011002,21.26,21.231394,-0.00369,-0.024916
10/9/2024 3:00:00 AM,1,PJM,,,ZONE,,15.875833,15.899663,0.011317,0.012513,20.36,20.323191,0.002711,-0.03952
10/9/2024 2:00:00 AM,1,PJM,,,ZONE,,16.845,16.875991,0.01607,0.014921,19.46,19.41975,0.000791,-0.041041
10/9/2024 1:00:00 AM,1,PJM,,,ZONE,,17.415,17.440498,0.010338,0.01516,22.44,22.408246,0.002083,-0.033837
10/9/2024 12:00:00 AM,1,PJM,,,ZONE,,20.075,20.096103,0.006161,0.014942,26.39,26.363445,0.023084,-0.049639
10/8/2024 11:00:00 PM,1,PJM,,,ZONE,,19.06,19.079406,0.003369,0.016037,28.78,28.819039,0.071832,-0.032793
10/8/2024 10:00:00 PM,1,PJM,,,ZONE,,32.473333,32.507369,0.009412,0.024624,33.11,33.293398,0.214782,-0.031384
10/8/2024 9:00:00 PM,1,PJM,,,ZONE,,27.145,27.192126,0.025946,0.02118,34.17,34.545337,0.402484,-0.027147
10/8/2024 8:00:00 PM,1,PJM,,,ZONE,,33.338333,33.45071,0.087261,0.025115,40.48,41.077421,0.61884,-0.021419
10/8/2024 7:00:00 PM,1,PJM,,,ZONE,,45.145833,45.227971,0.050108,0.03203,69.21,70.317928,1.053103,0.054825
10/8/2024 6:00:00 PM,1,PJM,,,ZONE,,51.520833,51.57344,0.012797,0.039809,79.56,81.30484,1.648584,0.096256
10/8/2024 5:00:00 PM,1,PJM,,,ZONE,,27.134167,27.179636,0.025384,0.020085,53.13,54.381023,1.154473,0.09655
10/8/2024 4:00:00 PM,1,PJM,,,ZONE,,23.193333,23.212382,0.002468,0.01658,34.03,34.59229,0.5376,0.02469
10/8/2024 3:00:00 PM,1,PJM,,,ZONE,,20.821667,20.837039,-0.000016,0.015389,30.72,30.927008,0.19725,0.009758
10/8/2024 2:00:00 PM,1,PJM,,,ZONE,,21.788333,21.804764,0.00345,0.012981,29.9,30.174534,0.269742,0.004792
10/8/2024 1:00:00 PM,1,PJM,,,ZONE,,21.8375,21.853028,0.000006,0.015522,28.48,28.743383,0.280885,-0.017502
10/8/2024 12:00:00 PM,1,PJM,,,ZONE,,20.2775,20.291119,0.000099,0.01352,28.37,28.63221,0.264054,-0.001844
10/8/2024 11:00:00 AM,1,PJM,,,ZONE,,20.805833,20.81911,0.000025,0.013251,28.13,28.330472,0.228302,-0.02783
10/8/2024 10:00:00 AM,1,PJM,,,ZONE,,19.645833,19.658101,0,0.012268,28.42,28.546285,0.147161,-0.020876
10/8/2024 9:00:00 AM,1,PJM,,,ZONE,,15.925,15.937391,0,0.012391,28.23,28.325753,0.119061,-0.023308
10/8/2024 8:00:00 AM,1,PJM,,,ZONE,,20.676667,20.692481,-0.000068,0.015882,33.63,33.733033,0.12337,-0.020337
10/8/2024 7:00:00 AM,1,PJM,,,ZONE,,31.385833,31.407464,0.000659,0.020972,54.75,55.277569,0.540066,-0.012497
10/8/2024 6:00:00 AM,1,PJM,,,ZONE,,33.791667,33.823277,0.007911,0.023699,46.26,46.720837,0.507977,-0.04714
10/8/2024 5:00:00 AM,1,PJM,,,ZONE,,22.561667,22.578657,0.000158,0.016832,28.03,28.042958,0.056486,-0.043528
10/8/2024 4:00:00 AM,1,PJM,,,ZONE,,18.608333,18.620748,0.000628,0.011787,23.02,23.001441,0.017782,-0.036341
10/8/2024 3:00:00 AM,1,PJM,,,ZONE,,19.129167,19.151272,0.00595,0.016155,23.18,23.153096,0.00205,-0.028954
10/8/2024 2:00:00 AM,1,PJM,,,ZONE,,20.4175,20.445439,0.013577,0.014363,24.23,24.204337,0.00296,-0.028623
10/8/2024 1:00:00 AM,1,PJM,,,ZONE,,22.205833,22.224146,0.002169,0.016143,25.68,25.659264,0.009958,-0.030694
10/8/2024 12:00:00 AM,1,PJM,,,ZONE,,20.95,20.969644,0.004273,0.015371,29.38,29.387608,0.023694,-0.016086
10/7/2024 11:00:00 PM,1,PJM,,,ZONE,,20.9825,21.005318,0.006482,0.016337,30.47,30.555279,0.12876,-0.043481
10/7/2024 10:00:00 PM,1,PJM,,,ZONE,,61.094167,61.163812,0.021384,0.048262,32.59,32.764586,0.242678,-0.068092
10/7/2024 9:00:00 PM,1,PJM,,,ZONE,,84.106667,84.316891,0.145505,0.064719,34.62,35.027,0.498306,-0.091306
10/7/2024 8:00:00 PM,1,PJM,,,ZONE,,34.64,34.693234,0.027737,0.025497,39.51,40.138279,0.724893,-0.096614
10/7/2024 7:00:00 PM,1,PJM,,,ZONE,,175.0825,175.435877,0.224869,0.128508,66.44,67.211884,0.91612,-0.144236
10/7/2024 6:00:00 PM,1,PJM,,,ZONE,,111.53,111.597637,-0.018462,0.086099,81.79,82.549853,0.970298,-0.210445
10/7/2024 5:00:00 PM,1,PJM,,,ZONE,,49.753333,49.850543,0.05437,0.04284,62.2,62.922464,0.849465,-0.127001
10/7/2024 4:00:00 PM,1,PJM,,,ZONE,,28.6625,28.658388,-0.027264,0.023152,36.97,37.300118,0.422915,-0.092797
10/7/2024 3:00:00 PM,1,PJM,,,ZONE,,27.805,27.835005,0.009079,0.020926,35.18,35.579625,0.510777,-0.111152
10/7/2024 2:00:00 PM,1,PJM,,,ZONE,,35.399167,35.442546,0.015313,0.028067,35.4,35.812599,0.476026,-0.063427
10/7/2024 1:00:00 PM,1,PJM,,,ZONE,,22.4525,22.474728,0.00437,0.017858,36.12,36.477301,0.410978,-0.053677
10/7/2024 12:00:00 PM,1,PJM,,,ZONE,,56.734167,56.770352,-0.009118,0.045303,34.19,34.414088,0.268934,-0.044846
10/7/2024 11:00:00 AM,1,PJM,,,ZONE,,30.593333,30.600513,-0.015734,0.022913,33.44,33.917778,0.498901,-0.021123
10/7/2024 10:00:00 AM,1,PJM,,,ZONE,,32.501667,32.504787,-0.019778,0.022899,32.31,32.653194,0.344595,-0.001401
10/7/2024 9:00:00 AM,1,PJM,,,ZONE,,30.79,30.813939,0.001502,0.022438,31.81,32.126901,0.299691,0.01721
10/7/2024 8:00:00 AM,1,PJM,,,ZONE,,32.379167,32.401718,0.000758,0.021794,37.23,37.556045,0.33444,-0.008395
10/7/2024 7:00:00 AM,1,PJM,,,ZONE,,33.8,33.828452,0.003443,0.025009,58.44,58.896775,0.452037,0.004738
10/7/2024 6:00:00 AM,1,PJM,,,ZONE,,29.650833,29.685189,0.012867,0.021489,47.89,48.318266,0.398278,0.029988
10/7/2024 5:00:00 AM,1,PJM,,,ZONE,,36.968333,36.994441,0.002147,0.023961,27.82,27.907871,0.069144,0.018727
10/7/2024 4:00:00 AM,1,PJM,,,ZONE,,24.655,24.674019,0.00118,0.017838,20.45,20.48389,0.023165,0.010725
10/7/2024 3:00:00 AM,1,PJM,,,ZONE,,19.263333,19.27841,0,0.015076,18.63,18.662946,0.021247,0.011699
10/7/2024 2:00:00 AM,1,PJM,,,ZONE,,17.94,17.956668,0.003877,0.012791,18.72,18.754982,0.015479,0.019503
10/7/2024 1:00:00 AM,1,PJM,,,ZONE,,27.378333,27.400598,0.004294,0.017971,21.16,21.195847,0.018066,0.017781
10/7/2024 12:00:00 AM,1,PJM,,,ZONE,,20.350833,20.372583,0.006547,0.015202,23.99,24.036114,0.006711,0.039403
10/6/2024 11:00:00 PM,1,PJM,,,ZONE,,47.638333,47.678234,0.005685,0.034216,27.34,27.417162,0.022101,0.055061
10/6/2024 10:00:00 PM,1,PJM,,,ZONE,,63.193333,63.23532,0.00346,0.038527,28.6,28.688875,0.045986,0.042889
10/6/2024 9:00:00 PM,1,PJM,,,ZONE,,33.006667,33.014178,-0.010224,0.017736,30.67,30.742768,0.046943,0.025825
10/6/2024 8:00:00 PM,1,PJM,,,ZONE,,41.0875,41.155705,0.041184,0.027021,40.85,40.850528,-0.030385,0.030913
10/6/2024 7:00:00 PM,1,PJM,,,ZONE,,159.126667,159.251364,0.032686,0.092011,63.19,63.317939,0.016074,0.111865
10/6/2024 6:00:00 PM,1,PJM,,,ZONE,,150.723333,151.007095,0.179812,0.103949,67.51,67.453575,-0.164183,0.107758
10/6/2024 5:00:00 PM,1,PJM,,,ZONE,,110.545,110.953011,0.33463,0.073381,53.1,53.099747,-0.094434,0.094181
10/6/2024 4:00:00 PM,1,PJM,,,ZONE,,81.779167,82.104602,0.263916,0.061519,35.53,35.457234,-0.111541,0.038775
10/6/2024 3:00:00 PM,1,PJM,,,ZONE,,27.881667,27.930541,0.029083,0.019791,29.19,29.129306,-0.075418,0.014724
10/6/2024 2:00:00 PM,1,PJM,,,ZONE,,40.103333,40.182777,0.050079,0.029365,27.36,27.274554,-0.102583,0.017137
10/6/2024 1:00:00 PM,1,PJM,,,ZONE,,20.605833,20.652092,0.03149,0.014769,24.55,24.560927,-0.006491,0.017418
10/6/2024 12:00:00 PM,1,PJM,,,ZONE,,24.191667,24.219859,0.010812,0.01738,23.9,23.83319,-0.084746,0.017936
10/6/2024 11:00:00 AM,1,PJM,,,ZONE,,22.27,22.298713,0.014086,0.014627,20.82,20.770823,-0.051306,0.002129
10/6/2024 10:00:00 AM,1,PJM,,,ZONE,,25.813333,25.836633,0.005661,0.017639,19.02,19.037758,0.008131,0.009627
10/6/2024 9:00:00 AM,1,PJM,,,ZONE,,19.099167,19.117439,0.005152,0.01312,17.31,17.373661,0.034932,0.028729
10/6/2024 8:00:00 AM,1,PJM,,,ZONE,,18.786667,18.811087,0.012056,0.012364,18.04,18.102018,0.036932,0.025086
10/6/2024 7:00:00 AM,1,PJM,,,ZONE,,22.189167,22.216458,0.013451,0.01384,19.94,19.963402,-0.003788,0.02719
10/6/2024 6:00:00 AM,1,PJM,,,ZONE,,18.375833,18.397387,0.008888,0.012665,17.55,17.528021,-0.044135,0.022156
10/6/2024 5:00:00 AM,1,PJM,,,ZONE,,16.270833,16.287466,0.00631,0.010324,14.25,14.205799,-0.04558,0.001379
10/6/2024 4:00:00 AM,1,PJM,,,ZONE,,14.220833,14.231649,0.003464,0.007352,12.32,12.298115,-0.01822,-0.003665
10/6/2024 3:00:00 AM,1,PJM,,,ZONE,,14.496667,14.514122,0.007922,0.009533,11.85,11.835126,-0.017107,0.002233
10/6/2024 2:00:00 AM,1,PJM,,,ZONE,,14.248333,14.259879,0.002407,0.009139,14.84,14.804547,-0.041414,0.005961
10/6/2024 1:00:00 AM,1,PJM,,,ZONE,,24.9475,24.96734,0.003715,0.016124,16.64,16.63479,-0.022663,0.017453
10/6/2024 12:00:00 AM,1,PJM,,,ZONE,,24.285,24.305896,0.003842,0.017055,20.89,20.902974,-0.015656,0.02863
10/5/2024 11:00:00 PM,1,PJM,,,ZONE,,24.653333,24.664951,-0.002958,0.014576,22.75,22.816231,0.043396,0.022835
10/5/2024 10:00:00 PM,1,PJM,,,ZONE,,22.43,22.45803,0.013182,0.014848,26.66,26.807287,0.105433,0.041854
10/5/2024 9:00:00 PM,1,PJM,,,ZONE,,35.350833,35.391092,0.015669,0.02459,30.44,30.82872,0.271994,0.116726
10/5/2024 8:00:00 PM,1,PJM,,,ZONE,,36.768333,36.805452,0.01366,0.023458,36.82,37.485617,0.48503,0.180587
10/5/2024 7:00:00 PM,1,PJM,,,ZONE,,33.760833,33.787795,0.007155,0.019807,52.05,53.160033,0.843187,0.266846
10/5/2024 6:00:00 PM,1,PJM,,,ZONE,,99.983333,100.090193,0.053329,0.05353,58.34,59.998727,1.275368,0.383359
10/5/2024 5:00:00 PM,1,PJM,,,ZONE,,120.4725,120.699079,0.149816,0.076764,52.42,54.07935,1.279889,0.379461
10/5/2024 4:00:00 PM,1,PJM,,,ZONE,,31.2375,31.262553,0.006534,0.018519,37.77,38.835201,0.824928,0.240273
10/5/2024 3:00:00 PM,1,PJM,,,ZONE,,32.1375,32.188695,0.02874,0.022455,31.37,32.233006,0.689867,0.173139
10/5/2024 2:00:00 PM,1,PJM,,,ZONE,,26.2225,26.281475,0.042135,0.01684,29,29.580576,0.412731,0.167845
10/5/2024 1:00:00 PM,1,PJM,,,ZONE,,30.535833,30.634127,0.075726,0.022567,25.91,26.298242,0.253198,0.135044
10/5/2024 12:00:00 PM,1,PJM,,,ZONE,,19.41,19.46272,0.038771,0.01395,24.61,24.850319,0.127042,0.113277
10/5/2024 11:00:00 AM,1,PJM,,,ZONE,,17.6,17.637283,0.02251,0.014773,22.74,22.89184,0.062254,0.089586
10/5/2024 10:00:00 AM,1,PJM,,,ZONE,,21.339167,21.367039,0.011175,0.016697,22.4,22.483866,0.029665,0.054201
10/5/2024 9:00:00 AM,1,PJM,,,ZONE,,25.474167,25.540533,0.048321,0.018045,22.78,22.838273,0.006955,0.051318
10/5/2024 8:00:00 AM,1,PJM,,,ZONE,,22.903333,23.001565,0.0809,0.017331,23.9,23.965358,0.005237,0.060121
10/5/2024 7:00:00 AM,1,PJM,,,ZONE,,22.441667,22.554191,0.097468,0.015056,24.27,24.331267,0.017167,0.0441
10/5/2024 6:00:00 AM,1,PJM,,,ZONE,,33.406667,33.508657,0.080324,0.021666,21.78,21.827454,0.018009,0.029445
10/5/2024 5:00:00 AM,1,PJM,,,ZONE,,16.756667,16.852531,0.083532,0.012333,19.03,19.062682,0.006903,0.025779
10/5/2024 4:00:00 AM,1,PJM,,,ZONE,,14.8175,14.866515,0.037555,0.01146,18.21,18.201287,-0.005059,-0.003654
10/5/2024 3:00:00 AM,1,PJM,,,ZONE,,17.578333,17.608022,0.016761,0.012928,18.28,18.270642,-0.007189,-0.002169
10/5/2024 2:00:00 AM,1,PJM,,,ZONE,,17.759167,17.785877,0.015243,0.011467,19.29,19.28324,-0.005874,-0.000886
10/5/2024 1:00:00 AM,1,PJM,,,ZONE,,23.6975,23.727601,0.012595,0.017506,23.16,23.176072,0.002214,0.013858
10/5/2024 12:00:00 AM,1,PJM,,,ZONE,,34.041667,34.114111,0.048639,0.023805,25.15,25.181696,0.015077,0.016619
10/4/2024 11:00:00 PM,1,PJM,,,ZONE,,29.493333,29.525704,0.011659,0.020712,26.34,26.382246,0.047888,-0.005642
10/4/2024 10:00:00 PM,1,PJM,,,ZONE,,29.446667,29.546741,0.077363,0.022712,30.59,30.694794,0.108361,-0.003567
10/4/2024 9:00:00 PM,1,PJM,,,ZONE,,29.906667,30.016873,0.08654,0.023667,33.63,33.870278,0.223454,0.016824
10/4/2024 8:00:00 PM,1,PJM,,,ZONE,,29.770833,29.814053,0.02078,0.02244,36.97,37.638209,0.452997,0.215212
10/4/2024 7:00:00 PM,1,PJM,,,ZONE,,29.863333,29.903004,0.018684,0.020986,55.99,57.260294,0.943673,0.326621
10/4/2024 6:00:00 PM,1,PJM,,,ZONE,,37.598333,37.638829,0.011467,0.029028,64.35,65.777091,1.05585,0.371241
10/4/2024 5:00:00 PM,1,PJM,,,ZONE,,33.455,33.511497,0.031332,0.025165,65.58,67.070627,1.06489,0.425737
10/4/2024 4:00:00 PM,1,PJM,,,ZONE,,33.116667,33.2069,0.065668,0.024565,52.32,53.391191,0.723009,0.348182
10/4/2024 3:00:00 PM,1,PJM,,,ZONE,,36.889167,36.933377,0.014304,0.029907,46.21,46.846897,0.321914,0.314983
10/4/2024 2:00:00 PM,1,PJM,,,ZONE,,31.6525,31.679549,0.004434,0.022615,42.86,43.420729,0.29043,0.270299
10/4/2024 1:00:00 PM,1,PJM,,,ZONE,,45.374167,45.431474,0.023808,0.033499,39.27,39.721216,0.253189,0.198027
10/4/2024 12:00:00 PM,1,PJM,,,ZONE,,29.678333,29.729156,0.028868,0.021955,33.92,34.260901,0.164933,0.175968
10/4/2024 11:00:00 AM,1,PJM,,,ZONE,,25.695833,25.739621,0.023028,0.020761,30.61,30.882088,0.094609,0.177479
10/4/2024 10:00:00 AM,1,PJM,,,ZONE,,31.6375,31.7429,0.082198,0.023202,29.19,29.416989,0.06052,0.166469
10/4/2024 9:00:00 AM,1,PJM,,,ZONE,,16.4225,16.510434,0.074656,0.013278,28.26,28.465876,0.031082,0.174794
10/4/2024 8:00:00 AM,1,PJM,,,ZONE,,19.6,19.648312,0.031851,0.01646,32.28,32.561074,0.043633,0.237441
10/4/2024 7:00:00 AM,1,PJM,,,ZONE,,35.128333,35.24851,0.096171,0.024005,35.08,35.232399,0.132361,0.020038
10/4/2024 6:00:00 AM,1,PJM,,,ZONE,,41.198333,41.392556,0.163276,0.030947,34.11,34.193963,0.081802,0.002161
10/4/2024 5:00:00 AM,1,PJM,,,ZONE,,19.475,19.569331,0.080072,0.01426,22.2,22.220456,0.039317,-0.018861
10/4/2024 4:00:00 AM,1,PJM,,,ZONE,,17.468333,17.48984,0.00792,0.013587,17.94,17.917304,-0.012231,-0.010465
10/4/2024 3:00:00 AM,1,PJM,,,ZONE,,17.1,17.129109,0.015467,0.013642,16.67,16.649055,-0.00753,-0.013415
10/4/2024 2:00:00 AM,1,PJM,,,ZONE,,17.511667,17.530486,0.007462,0.011358,17.52,17.511585,-0.008222,-0.000193
10/4/2024 1:00:00 AM,1,PJM,,,ZONE,,18.05,18.071804,0.006772,0.015032,19.42,19.413927,-0.013053,0.00698
10/4/2024 12:00:00 AM,1,PJM,,,ZONE,,19.674167,19.697112,0.007059,0.015886,23.56,23.588661,-0.018927,0.047588
10/3/2024 11:00:00 PM,1,PJM,,,ZONE,,23.0575,23.079382,0.004993,0.016889,27.21,27.158461,-0.032796,-0.018743
10/3/2024 10:00:00 PM,1,PJM,,,ZONE,,42.939167,42.984176,0.015362,0.029648,32.15,32.029659,-0.133549,0.013208
10/3/2024 9:00:00 PM,1,PJM,,,ZONE,,41.651667,41.696331,0.017423,0.027242,36.64,36.616434,-0.021768,-0.001798
10/3/2024 8:00:00 PM,1,PJM,,,ZONE,,67.743333,67.908421,0.11808,0.047008,43.32,43.55127,0.174215,0.057055
10/3/2024 7:00:00 PM,1,PJM,,,ZONE,,48.0975,48.22316,0.092308,0.033352,58.38,59.063128,0.533565,0.149563
10/3/2024 6:00:00 PM,1,PJM,,,ZONE,,114.9325,115.28977,0.276323,0.080947,67.62,68.754613,0.960346,0.174267
10/3/2024 5:00:00 PM,1,PJM,,,ZONE,,158.001667,158.362907,0.249346,0.111894,58.81,60.117483,1.050869,0.256614
10/3/2024 4:00:00 PM,1,PJM,,,ZONE,,66.129167,66.255646,0.078118,0.048361,44.77,45.549473,0.588307,0.191166
10/3/2024 3:00:00 PM,1,PJM,,,ZONE,,31.4975,31.54711,0.023189,0.026421,37.27,37.668961,0.319694,0.079267
10/3/2024 2:00:00 PM,1,PJM,,,ZONE,,86.7825,87.001335,0.15984,0.058994,34.43,34.714781,0.19604,0.088741
10/3/2024 1:00:00 PM,1,PJM,,,ZONE,,39.515,39.573004,0.029271,0.028733,33.36,33.466777,0.031557,0.07522
10/3/2024 12:00:00 PM,1,PJM,,,ZONE,,31.679167,31.701751,0,0.022585,31.63,31.747422,0.085577,0.031845
10/3/2024 11:00:00 AM,1,PJM,,,ZONE,,24.775,24.792803,0,0.017803,29.41,29.496781,0.037527,0.049254
10/3/2024 10:00:00 AM,1,PJM,,,ZONE,,24.58,24.59673,0,0.01673,28.58,28.652532,0.009943,0.062589
10/3/2024 9:00:00 AM,1,PJM,,,ZONE,,19.793333,19.808008,0,0.014675,28.19,28.313809,0.071747,0.052062
10/3/2024 8:00:00 AM,1,PJM,,,ZONE,,25.2725,25.290857,0,0.018357,31.29,31.395833,0.036409,0.069424
10/3/2024 7:00:00 AM,1,PJM,,,ZONE,,33.423333,33.441854,-0.000136,0.018656,40.97,41.202811,0.169075,0.063736
10/3/2024 6:00:00 AM,1,PJM,,,ZONE,,25.2525,25.271739,0.002716,0.016523,36.99,37.069515,0.14292,-0.063405
10/3/2024 5:00:00 AM,1,PJM,,,ZONE,,20.874167,20.889183,0,0.015016,23.28,23.241335,0.0252,-0.063865
10/3/2024 4:00:00 AM,1,PJM,,,ZONE,,16.4875,16.499781,-0.000432,0.012713,17.87,17.809243,-0.017031,-0.043726
10/3/2024 3:00:00 AM,1,PJM,,,ZONE,,16.155833,16.166274,-0.001202,0.011642,16.26,16.204865,-0.015714,-0.039421
10/3/2024 2:00:00 AM,1,PJM,,,ZONE,,16.791667,16.802225,-0.001122,0.01168,16.54,16.486374,-0.014691,-0.038935
10/3/2024 1:00:00 AM,1,PJM,,,ZONE,,17.4,17.413587,0.001265,0.012322,19.43,19.393957,-0.001324,-0.034719
10/3/2024 12:00:00 AM,1,PJM,,,ZONE,,22.66,22.707182,0.031008,0.016174,20.19,20.157505,-0.007624,-0.024871
10/2/2024 11:00:00 PM,1,PJM,,,ZONE,,20.845,20.87783,0.018046,0.014784,21.18,21.21638,0.05424,-0.01786
10/2/2024 10:00:00 PM,1,PJM,,,ZONE,,19.638333,19.672277,0.019963,0.01398,25.02,25.161331,0.153307,-0.011976
10/2/2024 9:00:00 PM,1,PJM,,,ZONE,,25.786667,25.843376,0.038305,0.018405,27.97,28.30263,0.341661,-0.009031
10/2/2024 8:00:00 PM,1,PJM,,,ZONE,,29.675833,29.742031,0.044476,0.021721,34.43,34.997861,0.55542,0.012441
10/2/2024 7:00:00 PM,1,PJM,,,ZONE,,112.4775,112.886558,0.333367,0.07569,51.76,52.716829,0.89059,0.066239
10/2/2024 6:00:00 PM,1,PJM,,,ZONE,,118.381667,118.827277,0.366488,0.079122,52.13,53.171237,1.025039,0.016198
10/2/2024 5:00:00 PM,1,PJM,,,ZONE,,42.069167,42.371898,0.272798,0.029933,45.15,45.83521,0.651016,0.034194
10/2/2024 4:00:00 PM,1,PJM,,,ZONE,,33.3375,33.478193,0.117287,0.023405,35.49,36.26561,0.742568,0.033042
10/2/2024 3:00:00 PM,1,PJM,,,ZONE,,25.898333,26.063175,0.146694,0.018148,33.84,34.349464,0.492463,0.017001
10/2/2024 2:00:00 PM,1,PJM,,,ZONE,,30.260833,30.317165,0.037444,0.018888,32.26,32.686641,0.387322,0.039319
10/2/2024 1:00:00 PM,1,PJM,,,ZONE,,24.15,24.258209,0.090618,0.017591,32.81,33.167825,0.315723,0.042102
10/2/2024 12:00:00 PM,1,PJM,,,ZONE,,25.691667,25.744123,0.033253,0.019203,29.59,29.900771,0.264195,0.046576
10/2/2024 11:00:00 AM,1,PJM,,,ZONE,,25.158333,25.22177,0.045662,0.017775,29.72,30.087878,0.29485,0.073028
10/2/2024 10:00:00 AM,1,PJM,,,ZONE,,19.844167,19.862737,0.005481,0.013089,28.41,28.638603,0.135322,0.093281
10/2/2024 9:00:00 AM,1,PJM,,,ZONE,,19.0625,19.117456,0.040405,0.014552,32.66,33.119991,0.374406,0.085585
10/2/2024 8:00:00 AM,1,PJM,,,ZONE,,24.198333,24.234226,0.017304,0.018589,34.9,35.478807,0.475889,0.102918
10/2/2024 7:00:00 AM,1,PJM,,,ZONE,,29.216667,29.260437,0.023376,0.020394,41.09,41.672625,0.481644,0.100981
10/2/2024 6:00:00 AM,1,PJM,,,ZONE,,35.198333,35.291911,0.068433,0.025144,35.14,35.488187,0.320114,0.028073
10/2/2024 5:00:00 AM,1,PJM,,,ZONE,,21.984167,22.018375,0.019507,0.014701,24.87,24.991194,0.111315,0.009879
10/2/2024 4:00:00 AM,1,PJM,,,ZONE,,15.8425,15.863782,0.009823,0.011459,18.91,18.957278,0.05077,-0.003492
10/2/2024 3:00:00 AM,1,PJM,,,ZONE,,14.239167,14.257185,0.007763,0.010255,16.39,16.419028,0.041055,-0.012027
10/2/2024 2:00:00 AM,1,PJM,,,ZONE,,18.423333,18.463067,0.027849,0.011885,16.86,16.872115,0.027171,-0.015056
10/2/2024 1:00:00 AM,1,PJM,,,ZONE,,15.925,15.937848,0.001281,0.011567,18.51,18.527672,0.032774,-0.015102
10/2/2024 12:00:00 AM,1,PJM,,,ZONE,,16.8125,16.827177,0.000996,0.013681,20.62,20.654002,0.045654,-0.011652
10/1/2024 11:00:00 PM,1,PJM,,,ZONE,,23.473333,23.508675,0.017411,0.01793,22.89,22.79413,-0.047279,-0.048591
10/1/2024 10:00:00 PM,1,PJM,,,ZONE,,23.475,23.520603,0.028358,0.017245,28.3,28.248118,0.001785,-0.053667
10/1/2024 9:00:00 PM,1,PJM,,,ZONE,,29.641667,29.704145,0.04331,0.019168,30.87,31.021868,0.197537,-0.045669
10/1/2024 8:00:00 PM,1,PJM,,,ZONE,,29.111667,29.17818,0.047087,0.019427,36.63,37.033842,0.433591,-0.029749
10/1/2024 7:00:00 PM,1,PJM,,,ZONE,,48.071667,48.187575,0.085334,0.030575,50.52,51.09949,0.489604,0.089886
10/1/2024 6:00:00 PM,1,PJM,,,ZONE,,57.328333,57.592224,0.224775,0.039115,47.59,48.158948,0.465773,0.103175
10/1/2024 5:00:00 PM,1,PJM,,,ZONE,,43.0525,43.338369,0.258656,0.027213,43.58,43.934758,0.253161,0.101597
10/1/2024 4:00:00 PM,1,PJM,,,ZONE,,30.676667,30.767711,0.071705,0.01934,36.62,36.865379,0.171122,0.074257
10/1/2024 3:00:00 PM,1,PJM,,,ZONE,,61.550833,61.735828,0.143377,0.041618,36,35.405058,-0.63151,0.036568
10/1/2024 2:00:00 PM,1,PJM,,,ZONE,,34.200833,34.332981,0.109169,0.022979,36.93,36.642285,-0.313277,0.025562
10/1/2024 1:00:00 PM,1,PJM,,,ZONE,,28.923333,29.018244,0.075798,0.019113,36.34,36.076213,-0.277321,0.013534
10/1/2024 12:00:00 PM,1,PJM,,,ZONE,,28.875833,28.950863,0.053038,0.021992,34.45,34.199699,-0.25232,0.002019
10/1/2024 11:00:00 AM,1,PJM,,,ZONE,,21.681667,21.708108,0.010778,0.015663,33.37,33.111486,-0.264042,0.005528
10/1/2024 10:00:00 AM,1,PJM,,,ZONE,,46.370833,46.794096,0.389771,0.033492,33.34,33.118006,-0.245904,0.02391
10/1/2024 9:00:00 AM,1,PJM,,,ZONE,,41.51,41.825784,0.284546,0.031237,37.22,37.083227,-0.186403,0.04963
10/1/2024 8:00:00 AM,1,PJM,,,ZONE,,37.401667,37.604432,0.176421,0.026345,38.72,38.73804,-0.038333,0.056373
10/1/2024 7:00:00 AM,1,PJM,,,ZONE,,29.113333,29.266319,0.133547,0.019439,42.2,42.178212,-0.103466,0.081678
10/1/2024 6:00:00 AM,1,PJM,,,ZONE,,76.910833,77.240919,0.273382,0.056703,37.1,37.118161,-0.039515,0.057676
10/1/2024 5:00:00 AM,1,PJM,,,ZONE,,17.7725,17.79598,0.010344,0.013137,25,24.84648,-0.094161,-0.059359
10/1/2024 4:00:00 AM,1,PJM,,,ZONE,,15.923333,16.001648,0.066723,0.011591,18.99,18.873267,-0.069219,-0.047514
10/1/2024 3:00:00 AM,1,PJM,,,ZONE,,16.065,16.086178,0.010646,0.010532,17.21,17.137479,-0.042026,-0.030495
10/1/2024 2:00:00 AM,1,PJM,,,ZONE,,19.356667,19.372111,0.000239,0.015206,19.38,19.287927,-0.065099,-0.026974
10/1/2024 1:00:00 AM,1,PJM,,,ZONE,,22.441667,22.455962,-0.002129,0.016425,24.73,24.586309,-0.099615,-0.044076
10/1/2024 12:00:00 AM,1,PJM,,,ZONE,,21.1525,21.186958,0.019547,0.014911,27.55,27.428129,-0.071932,-0.049939
